ID,year,url
1,2016,https://00kaap.home.xs4all.nl/
2,2004,https://34five.home.xs4all.nl/
18,2005,https://aacam.home.xs4all.nl/
24,2007,https://aadvdtak.home.xs4all.nl/
31,2012,https://aajp.home.xs4all.nl/
32,2005,https://aajsmits.home.xs4all.nl/
39,2004,https://aap123.home.xs4all.nl/
58,2003,https://abaxter.home.xs4all.nl/
60,2009,https://abbehaas.home.xs4all.nl/
69,2016,https://abehrend.home.xs4all.nl/
77,2008,https://abhulai.home.xs4all.nl/
81,2000,https://abkb.home.xs4all.nl/
83,2007,https://ablang.home.xs4all.nl/
85,2004,https://aboelens.home.xs4all.nl/
86,2016,https://aboiten.home.xs4all.nl/
90,2011,https://abonsma.home.xs4all.nl/
93,2018,https://abouland.home.xs4all.nl/
100,2010,https://abrown.home.xs4all.nl/
101,2001,https://abruijs.home.xs4all.nl/
112,1999,https://aburger.home.xs4all.nl/
114,2004,https://abvh.home.xs4all.nl/
115,2002,https://abvw.home.xs4all.nl/
136,2000,https://ac.home.xs4all.nl/
119,2013,https://acbak.home.xs4all.nl/
127,2000,https://accu.home.xs4all.nl/
134,2002,https://acfisnl.home.xs4all.nl/
135,2005,https://acfriesl.home.xs4all.nl/
142,2001,https://acompoz2.home.xs4all.nl/
144,2000,https://acpbe.home.xs4all.nl/
147,2005,https://actair.home.xs4all.nl/
149,2001,https://actionso.home.xs4all.nl/
153,2000,https://actmail.home.xs4all.nl/
154,2003,https://actmega.home.xs4all.nl/
165,2000,https://adap.home.xs4all.nl/
167,2008,https://adasof01.home.xs4all.nl/
168,2002,https://adasof07.home.xs4all.nl/
175,2004,https://adcon.home.xs4all.nl/
176,2019,https://adcs.home.xs4all.nl/
177,2001,https://adcweb2.home.xs4all.nl/
182,2000,https://ade2000.home.xs4all.nl/
185,2001,https://adejonge.home.xs4all.nl/
186,1999,https://adekegel.home.xs4all.nl/
190,2001,https://ademar.home.xs4all.nl/
205,2002,https://adkooman.home.xs4all.nl/
207,2000,https://adloop.home.xs4all.nl/
212,2002,https://adminet2.home.xs4all.nl/
218,2010,https://adohmen.home.xs4all.nl/
242,1998,https://advant.home.xs4all.nl/
246,2012,https://advocare.home.xs4all.nl/
252,1999,https://aecbml.home.xs4all.nl/
253,2002,https://aecm1.home.xs4all.nl/
256,2000,https://aegarch.home.xs4all.nl/
261,2001,https://aemweb.home.xs4all.nl/
269,1999,https://aerophot.home.xs4all.nl/
270,2004,https://aerostnl.home.xs4all.nl/
272,2007,https://aessen.home.xs4all.nl/
276,1998,https://afbruins.home.xs4all.nl/
278,2008,https://afisher.home.xs4all.nl/
281,2012,https://afrancoi.home.xs4all.nl/
287,2012,https://agabrown.home.xs4all.nl/
288,2018,https://agamj.home.xs4all.nl/
290,2016,https://agata.home.xs4all.nl/
295,2000,https://agiopowr.home.xs4all.nl/
297,2019,https://agmgunth.home.xs4all.nl/
299,2007,https://agnessch.home.xs4all.nl/
300,2002,https://agonda.home.xs4all.nl/
301,2019,https://agoos.home.xs4all.nl/
302,2004,https://agraauw.home.xs4all.nl/
313,2015,https://ahcb.home.xs4all.nl/
315,2004,https://ahelmich.home.xs4all.nl/
316,2015,https://ahelmons.home.xs4all.nl/
320,2003,https://aherwaar.home.xs4all.nl/
328,2006,https://ahmad1.home.xs4all.nl/
331,2003,https://aholl.home.xs4all.nl/
334,2005,https://ahp.home.xs4all.nl/
341,1999,https://aib.home.xs4all.nl/
349,2010,https://ajagerma.home.xs4all.nl/
350,2012,https://ajak.home.xs4all.nl/
353,2005,https://ajcvries.home.xs4all.nl/
355,2018,https://ajhagers.home.xs4all.nl/
367,2003,https://ajnhorst.home.xs4all.nl/
368,2003,https://ajpl.home.xs4all.nl/
374,2002,https://ajwp.home.xs4all.nl/
376,2002,https://ajwwag.home.xs4all.nl/
384,2014,https://akira.home.xs4all.nl/
385,2018,https://akjansen.home.xs4all.nl/
386,2005,https://akka.home.xs4all.nl/
387,2004,https://akker12.home.xs4all.nl/
388,2007,https://akkeropd.home.xs4all.nl/
389,2019,https://aklink.home.xs4all.nl/
390,2006,https://akluit.home.xs4all.nl/
391,2000,https://akluyten.home.xs4all.nl/
392,2016,https://akmcbv19.home.xs4all.nl/
396,1999,https://akohrs.home.xs4all.nl/
399,2004,https://aksento.home.xs4all.nl/
403,1997,https://alain.home.xs4all.nl/
419,2019,https://alblas2.home.xs4all.nl/
424,2001,https://aldia.home.xs4all.nl/
431,2003,https://ales.home.xs4all.nl/
433,2004,https://alex2en7.home.xs4all.nl/
434,2008,https://alex4all.home.xs4all.nl/
435,2004,https://alex777.home.xs4all.nl/
440,2008,https://alexcoke.home.xs4all.nl/
441,2008,https://alexdas.home.xs4all.nl/
450,2000,https://alfahote.home.xs4all.nl/
451,2002,https://alfanova.home.xs4all.nl/
452,1998,https://alfazet.home.xs4all.nl/
454,2001,https://alfvenco.home.xs4all.nl/
459,2004,https://alinda2.home.xs4all.nl/
463,2014,https://alkawiko.home.xs4all.nl/
465,2001,https://alkobel.home.xs4all.nl/
466,2005,https://alland.home.xs4all.nl/
471,2007,https://alldon.home.xs4all.nl/
472,2002,https://allepub.home.xs4all.nl/
474,2015,https://alles.home.xs4all.nl/
476,2010,https://allicko.home.xs4all.nl/
477,2014,https://allie.home.xs4all.nl/
479,2001,https://allmixed.home.xs4all.nl/
480,1999,https://allround.home.xs4all.nl/
491,2001,https://alok.home.xs4all.nl/
495,2006,https://alph.home.xs4all.nl/
506,2000,https://alubke.home.xs4all.nl/
511,1998,https://alver.home.xs4all.nl/
519,2004,https://amateurb.home.xs4all.nl/
524,2002,https://amazzhaa.home.xs4all.nl/
525,2002,https://ambas.home.xs4all.nl/
528,2001,https://ambert.home.xs4all.nl/
529,2004,https://ambrac.home.xs4all.nl/
531,2017,https://amc9.home.xs4all.nl/
541,2016,https://ammerlab.home.xs4all.nl/
556,2007,https://ampillen.home.xs4all.nl/
560,2007,https://amstel10.home.xs4all.nl/
562,1998,https://amsterdg.home.xs4all.nl/
570,1998,https://amvaalst.home.xs4all.nl/
572,2000,https://amvdpoel.home.xs4all.nl/
575,2004,https://an1998.home.xs4all.nl/
577,2019,https://an4.home.xs4all.nl/
579,2001,https://anarbe.home.xs4all.nl/
584,2000,https://anchis.home.xs4all.nl/
586,2001,https://ancohot.home.xs4all.nl/
588,2004,https://anders67.home.xs4all.nl/
608,2006,https://andries.home.xs4all.nl/
617,2012,https://angelak.home.xs4all.nl/
626,2008,https://anitaroy.home.xs4all.nl/
627,2008,https://anitazee.home.xs4all.nl/
632,2007,https://anjez.home.xs4all.nl/
649,2000,https://annetof.home.xs4all.nl/
656,2005,https://anno63.home.xs4all.nl/
658,2002,https://annokkef.home.xs4all.nl/
672,2009,https://antiques.home.xs4all.nl/
674,2007,https://antlady.home.xs4all.nl/
679,2000,https://antonide.home.xs4all.nl/
680,1999,https://antonpap.home.xs4all.nl/
685,2001,https://antwjewl.home.xs4all.nl/
686,2003,https://anvdbijl.home.xs4all.nl/
696,2009,https://ap1.home.xs4all.nl/
702,1999,https://apeldoos.home.xs4all.nl/
718,1999,https://aposervi.home.xs4all.nl/
720,2004,https://apotuijt.home.xs4all.nl/
733,2004,https://aptighe.home.xs4all.nl/
744,2000,https://araqies.home.xs4all.nl/
745,2003,https://arasiman.home.xs4all.nl/
753,2000,https://archiebe.home.xs4all.nl/
755,2000,https://architec.home.xs4all.nl/
756,2000,https://archiweb.home.xs4all.nl/
763,2001,https://arcweb.home.xs4all.nl/
764,2015,https://ardezo.home.xs4all.nl/
767,2000,https://ardnv.home.xs4all.nl/
18857,2010,https://are.home.xs4all.nl/
772,1998,https://arends.home.xs4all.nl/
784,2014,https://ariealt.home.xs4all.nl/
789,2001,https://aris.home.xs4all.nl/
792,2005,https://arjan0.home.xs4all.nl/
808,2000,https://arlette.home.xs4all.nl/
811,2002,https://armilieu.home.xs4all.nl/
814,1999,https://arnaud.home.xs4all.nl/
820,1998,https://arnold.home.xs4all.nl/
826,1999,https://arnoud.home.xs4all.nl/
824,2003,https://arnoudbm.home.xs4all.nl/
832,2003,https://aroa.home.xs4all.nl/
837,2001,https://aros.home.xs4all.nl/
840,2003,https://arp.home.xs4all.nl/
838,2004,https://arpag.home.xs4all.nl/
847,2001,https://art2busi.home.xs4all.nl/
850,2000,https://artfart1.home.xs4all.nl/
856,2005,https://arthurvl.home.xs4all.nl/
866,2001,https://artweb.home.xs4all.nl/
871,2003,https://arwil.home.xs4all.nl/
876,2018,https://asbat.home.xs4all.nl/
877,2005,https://aschaaf.home.xs4all.nl/
884,2003,https://asdonck.home.xs4all.nl/
900,2005,https://aspeksni.home.xs4all.nl/
903,2001,https://assenem.home.xs4all.nl/
909,2003,https://asta.home.xs4all.nl/
928,2003,https://asz00013.home.xs4all.nl/
930,2003,https://asz00029.home.xs4all.nl/
934,2000,https://asz00063.home.xs4all.nl/
938,2003,https://asz00095.home.xs4all.nl/
940,2001,https://asz00154.home.xs4all.nl/
944,1999,https://asz00190.home.xs4all.nl/
945,2001,https://asz00193.home.xs4all.nl/
948,2004,https://asz00247.home.xs4all.nl/
949,2001,https://asz00261.home.xs4all.nl/
952,1999,https://asz00281.home.xs4all.nl/
955,2002,https://asz00314.home.xs4all.nl/
956,2000,https://asz00353.home.xs4all.nl/
959,2004,https://asz00375.home.xs4all.nl/
960,2000,https://asz00378.home.xs4all.nl/
963,2002,https://asz00384.home.xs4all.nl/
967,2004,https://asz00418.home.xs4all.nl/
970,1999,https://asz00456.home.xs4all.nl/
971,2008,https://asz00457.home.xs4all.nl/
975,1999,https://asz00537.home.xs4all.nl/
976,2002,https://asz00546.home.xs4all.nl/
977,2001,https://asz00552.home.xs4all.nl/
979,2002,https://asz00561.home.xs4all.nl/
986,2000,https://asz00689.home.xs4all.nl/
987,2004,https://asz00690.home.xs4all.nl/
988,2000,https://asz00697.home.xs4all.nl/
992,1999,https://asz00862.home.xs4all.nl/
993,2004,https://asz00869.home.xs4all.nl/
994,2001,https://asz00877.home.xs4all.nl/
995,1999,https://asz00880.home.xs4all.nl/
999,2001,https://asz00925.home.xs4all.nl/
1004,2002,https://asz01043.home.xs4all.nl/
1008,2001,https://asz01170.home.xs4all.nl/
1013,2003,https://atacom.home.xs4all.nl/
1017,2001,https://atarist.home.xs4all.nl/
1023,2004,https://atempel.home.xs4all.nl/
1030,2005,https://athome.home.xs4all.nl/
1036,2001,https://atilmont.home.xs4all.nl/
1059,2005,https://ator0235.home.xs4all.nl/
1062,2004,https://ator0302.home.xs4all.nl/
1075,2005,https://ator0615.home.xs4all.nl/
1082,2010,https://ator0893.home.xs4all.nl/
1095,2005,https://ator1175.home.xs4all.nl/
1117,2007,https://ator1898.home.xs4all.nl/
1136,2005,https://ator5020.home.xs4all.nl/
1140,2001,https://atreff.home.xs4all.nl/
1141,2002,https://atreju.home.xs4all.nl/
1143,2002,https://atro.home.xs4all.nl/
1166,2003,https://autog001.home.xs4all.nl/
1170,2001,https://autospul.home.xs4all.nl/
1176,2000,https://avalkcom.home.xs4all.nl/
1186,2003,https://avanover.home.xs4all.nl/
1190,2005,https://avbeinum.home.xs4all.nl/
1196,2002,https://avdburg.home.xs4all.nl/
1201,2001,https://avdkroon.home.xs4all.nl/
1215,1999,https://avel.home.xs4all.nl/
1222,1999,https://avezaat.home.xs4all.nl/
1228,2001,https://avidof.home.xs4all.nl/
1244,2002,https://avso.home.xs4all.nl/
1263,2006,https://awj.home.xs4all.nl/
1286,1999,https://ayh.home.xs4all.nl/
1287,2014,https://ayservic.home.xs4all.nl/
1289,2002,https://azarkan.home.xs4all.nl/
1290,2007,https://azijlstr.home.xs4all.nl/
1292,2002,https://azrharn.home.xs4all.nl/
1293,2004,https://aztech.home.xs4all.nl/
1302,2001,https://baak.home.xs4all.nl/
1305,2005,https://baanving.home.xs4all.nl/
1311,2005,https://baas.home.xs4all.nl/
1313,2008,https://babba.home.xs4all.nl/
1316,1999,https://babette.home.xs4all.nl/
1325,2000,https://backserv.home.xs4all.nl/
1329,1999,https://badebeer.home.xs4all.nl/
1330,2004,https://badhotel.home.xs4all.nl/
1338,2000,https://bagnv.home.xs4all.nl/
1339,2002,https://baibai.home.xs4all.nl/
1340,2004,https://baird.home.xs4all.nl/
1344,2006,https://bakelx5.home.xs4all.nl/
1349,2001,https://bakkerho.home.xs4all.nl/
1351,2003,https://bakkermq.home.xs4all.nl/
1353,2019,https://baknu.home.xs4all.nl/
1363,2002,https://balor.home.xs4all.nl/
1381,2000,https://banninka.home.xs4all.nl/
1400,2004,https://barends3.home.xs4all.nl/
1405,2004,https://barkies.home.xs4all.nl/
1412,1998,https://barry.home.xs4all.nl/
1413,2001,https://barrymel.home.xs4all.nl/
1424,2002,https://bart.home.xs4all.nl/
1416,2004,https://bart2804.home.xs4all.nl/
1420,2002,https://bartelss.home.xs4all.nl/
1421,2004,https://bartflos.home.xs4all.nl/
1427,2000,https://bartsoen.home.xs4all.nl/
1431,1998,https://bartvm.home.xs4all.nl/
1433,2004,https://barzelai.home.xs4all.nl/
1434,2005,https://bas0.home.xs4all.nl/
1456,2003,https://basss.home.xs4all.nl/
1460,2007,https://basthe.home.xs4all.nl/
1471,1999,https://bath.home.xs4all.nl/
1472,2001,https://batsleer.home.xs4all.nl/
1478,2003,https://bayards.home.xs4all.nl/
1481,2004,https://bbanwijk.home.xs4all.nl/
1482,1998,https://bbarnard.home.xs4all.nl/
1495,2001,https://bbouwens.home.xs4all.nl/
1500,2008,https://bbwt.home.xs4all.nl/
1502,2011,https://bcb.home.xs4all.nl/
1514,2006,https://bcurtin.home.xs4all.nl/
1518,2005,https://bdds.home.xs4all.nl/
1530,2000,https://bdv72.home.xs4all.nl/
1537,1998,https://beaned.home.xs4all.nl/
1538,1998,https://beanl.home.xs4all.nl/
1542,2002,https://bebeque.home.xs4all.nl/
1545,2018,https://becha.home.xs4all.nl/
1552,2001,https://becono.home.xs4all.nl/
1558,2003,https://bedr1.home.xs4all.nl/
1562,2000,https://beeiland.home.xs4all.nl/
1593,2002,https://beke2.home.xs4all.nl/
1594,2000,https://bekendam.home.xs4all.nl/
1604,2002,https://belgalop.home.xs4all.nl/
1606,2000,https://belgoweb.home.xs4all.nl/
1612,2002,https://bemar.home.xs4all.nl/
1616,2017,https://benbever.home.xs4all.nl/
1620,2002,https://beneluxz.home.xs4all.nl/
1621,2004,https://bengel.home.xs4all.nl/
1628,2009,https://benny.home.xs4all.nl/
1631,2002,https://bensch.home.xs4all.nl/
1633,1999,https://bensink.home.xs4all.nl/
1634,2002,https://bensjazz.home.xs4all.nl/
1635,2002,https://bente.home.xs4all.nl/
1638,1998,https://benten.home.xs4all.nl/
1641,2006,https://benvrens.home.xs4all.nl/
1642,2004,https://benway.home.xs4all.nl/
1648,1999,https://berchiem.home.xs4all.nl/
1655,1997,https://beren.home.xs4all.nl/
1658,2008,https://berg100.home.xs4all.nl/
1662,2004,https://bergeijm.home.xs4all.nl/
1663,2003,https://bergen1.home.xs4all.nl/
1664,2008,https://bergerkl.home.xs4all.nl/
1665,2001,https://bergerm.home.xs4all.nl/
1666,2010,https://bergermj.home.xs4all.nl/
1670,2019,https://berghh.home.xs4all.nl/
1672,2018,https://berghout.home.xs4all.nl/
1673,2005,https://berghr.home.xs4all.nl/
1676,2001,https://bergmann.home.xs4all.nl/
1678,2001,https://bergpoor.home.xs4all.nl/
1679,2016,https://bergrr.home.xs4all.nl/
1680,2010,https://bergsmaf.home.xs4all.nl/
1682,2005,https://bergtra.home.xs4all.nl/
1684,2009,https://bergvaar.home.xs4all.nl/
1690,2019,https://berkela.home.xs4all.nl/
1693,2001,https://berkenro.home.xs4all.nl/
1710,2003,https://berobarb.home.xs4all.nl/
1715,2004,https://bertbijl.home.xs4all.nl/
1716,2015,https://bertbon.home.xs4all.nl/
1718,2004,https://bertenel.home.xs4all.nl/
1723,1999,https://bertinfo.home.xs4all.nl/
1728,2004,https://bertlos.home.xs4all.nl/
1731,2008,https://bertran7.home.xs4all.nl/
1732,2004,https://bertvani.home.xs4all.nl/
1733,2004,https://bertvb.home.xs4all.nl/
1741,2001,https://betech2.home.xs4all.nl/
1759,2004,https://bfm.home.xs4all.nl/
1760,2001,https://bfno.home.xs4all.nl/
1766,2001,https://bgkunst.home.xs4all.nl/
1770,2003,https://bhang.home.xs4all.nl/
1774,2004,https://bhoitink.home.xs4all.nl/
1778,2003,https://bibendum.home.xs4all.nl/
1787,2005,https://bierj.home.xs4all.nl/
1790,2004,https://bieshvel.home.xs4all.nl/
1797,2003,https://biglow.home.xs4all.nl/
1798,2004,https://bigmac.home.xs4all.nl/
1804,1998,https://bijlh.home.xs4all.nl/
1807,2013,https://bijstbnd.home.xs4all.nl/
1825,2001,https://biologis.home.xs4all.nl/
1826,2007,https://biondina.home.xs4all.nl/
1839,2009,https://bitsoft.home.xs4all.nl/
1854,2011,https://bjmb.home.xs4all.nl/
1858,2004,https://bjp2003.home.xs4all.nl/
1868,2004,https://bk.home.xs4all.nl/
1862,2005,https://bk1630.home.xs4all.nl/
1867,1999,https://bkester.home.xs4all.nl/
1874,1999,https://bkollmer.home.xs4all.nl/
1882,2001,https://blaan.home.xs4all.nl/
1891,2001,https://blancefl.home.xs4all.nl/
1894,2019,https://blanken5.home.xs4all.nl/
1898,2000,https://blaurier.home.xs4all.nl/
1903,2000,https://blauwwit.home.xs4all.nl/
1906,2004,https://bleekerm.home.xs4all.nl/
1912,2000,https://blernout.home.xs4all.nl/
1914,1999,https://bleyenga.home.xs4all.nl/
1938,2002,https://blomnv.home.xs4all.nl/
1945,2001,https://bluebenn.home.xs4all.nl/
1946,2013,https://blueboy1.home.xs4all.nl/
1969,2003,https://bmouwen.home.xs4all.nl/
1986,2001,https://bobonet.home.xs4all.nl/
1994,2002,https://bobvande.home.xs4all.nl/
1999,2000,https://bodegton.home.xs4all.nl/
2007,1999,https://boekhors.home.xs4all.nl/
2011,1998,https://boelen.home.xs4all.nl/
2027,1999,https://boers.home.xs4all.nl/
2031,2004,https://boersnp.home.xs4all.nl/
2035,1999,https://boesser.home.xs4all.nl/
2040,2001,https://boeve3.home.xs4all.nl/
2041,2018,https://boewoe.home.xs4all.nl/
2045,2010,https://bogaarts.home.xs4all.nl/
2051,2000,https://boiakih.home.xs4all.nl/
2058,2003,https://bold0008.home.xs4all.nl/
2059,2008,https://bolex.home.xs4all.nl/
2069,1998,https://bomhart.home.xs4all.nl/
2072,2016,https://bonbini.home.xs4all.nl/
2081,2001,https://bonne.home.xs4all.nl/
2092,2004,https://boode1.home.xs4all.nl/
2105,2005,https://boom.home.xs4all.nl/
2110,2004,https://boor1.home.xs4all.nl/
2111,2002,https://boosbe.home.xs4all.nl/
2120,2001,https://boralit.home.xs4all.nl/
2129,1997,https://borgers.home.xs4all.nl/
2133,1999,https://borgmanm.home.xs4all.nl/
2141,2002,https://bos1.home.xs4all.nl/
2142,2005,https://bos3.home.xs4all.nl/
2168,2005,https://bosmasan.home.xs4all.nl/
2187,2014,https://boterd.home.xs4all.nl/
2196,1998,https://boudy.home.xs4all.nl/
2200,2004,https://boule1.home.xs4all.nl/
2203,2003,https://bouman01.home.xs4all.nl/
2214,1997,https://boutext.home.xs4all.nl/
2217,1997,https://bouw.home.xs4all.nl/
2237,2008,https://bpostema.home.xs4all.nl/
2239,2001,https://bprint.home.xs4all.nl/
2240,2004,https://bpronk.home.xs4all.nl/
2257,2002,https://brami.home.xs4all.nl/
2259,2003,https://bramvanc.home.xs4all.nl/
2269,2006,https://brankaer.home.xs4all.nl/
2273,2004,https://branzino.home.xs4all.nl/
2275,2005,https://brasbey.home.xs4all.nl/
2282,2003,https://breaklyn.home.xs4all.nl/
2283,2004,https://brechtje.home.xs4all.nl/
2307,2011,https://brinkie.home.xs4all.nl/
2314,2002,https://briza.home.xs4all.nl/
2324,2004,https://broektra.home.xs4all.nl/
2325,2003,https://broekvd.home.xs4all.nl/
2341,2002,https://brouwer.home.xs4all.nl/
2343,2001,https://brouwsel.home.xs4all.nl/
2365,2004,https://bruningh.home.xs4all.nl/
2382,2001,https://bs280495.home.xs4all.nl/
2400,1999,https://btech.home.xs4all.nl/
2404,2001,https://btldir03.home.xs4all.nl/
2408,2000,https://bubitts.home.xs4all.nl/
2409,2009,https://bubo.home.xs4all.nl/
2411,2001,https://buckmann.home.xs4all.nl/
2412,1997,https://bucky210.home.xs4all.nl/
2414,2014,https://buddendo.home.xs4all.nl/
2418,2010,https://buf0.home.xs4all.nl/
2435,1998,https://bulb.home.xs4all.nl/
2440,2008,https://bultenh.home.xs4all.nl/
2443,2012,https://bump.home.xs4all.nl/
2448,2008,https://burema4.home.xs4all.nl/
2457,2000,https://burnart.home.xs4all.nl/
2462,2004,https://busbi.home.xs4all.nl/
2465,2004,https://busch.home.xs4all.nl/
2475,2004,https://buterp.home.xs4all.nl/
2483,2008,https://bv8.home.xs4all.nl/
2484,2002,https://bva.home.xs4all.nl/
2487,2005,https://bvanrave.home.xs4all.nl/
2495,2001,https://bvdweghe.home.xs4all.nl/
2500,2003,https://bverwey.home.xs4all.nl/
2508,2002,https://bvsoest.home.xs4all.nl/
2536,2009,https://bwwjhv.home.xs4all.nl/
2545,2004,https://bytsma.home.xs4all.nl/
2548,2012,https://c3.home.xs4all.nl/
2549,2002,https://c4u.home.xs4all.nl/
2551,2002,https://cabax.home.xs4all.nl/
2567,2000,https://calcutta.home.xs4all.nl/
2569,2016,https://calezane.home.xs4all.nl/
2572,2005,https://calidris.home.xs4all.nl/
2578,2005,https://caltr.home.xs4all.nl/
2585,2002,https://cam.home.xs4all.nl/
2594,2001,https://candaele.home.xs4all.nl/
2603,2004,https://carbone.home.xs4all.nl/
2604,2014,https://carboxy.home.xs4all.nl/
2605,2001,https://carbroke.home.xs4all.nl/
2608,2005,https://carelv.home.xs4all.nl/
2613,2002,https://carinewo.home.xs4all.nl/
2614,2004,https://caris.home.xs4all.nl/
2615,1997,https://carla.home.xs4all.nl/
2617,1998,https://carlc.home.xs4all.nl/
2618,2018,https://carlkop.home.xs4all.nl/
2629,2001,https://carpe.home.xs4all.nl/
2630,1997,https://carpinus.home.xs4all.nl/
2641,2000,https://casparo.home.xs4all.nl/
2654,1998,https://catherin.home.xs4all.nl/
2655,2004,https://cathfish.home.xs4all.nl/
2658,1998,https://catling.home.xs4all.nl/
2663,2005,https://catshome.home.xs4all.nl/
2666,2001,https://cavac.home.xs4all.nl/
2694,1998,https://ccontact.home.xs4all.nl/
2703,2018,https://cdewaard.home.xs4all.nl/
2705,2002,https://cdierick.home.xs4all.nl/
2708,2005,https://cdoedens.home.xs4all.nl/
2712,2009,https://cearcall.home.xs4all.nl/
2716,2005,https://ceejay.home.xs4all.nl/
2717,2004,https://ceescap.home.xs4all.nl/
2739,2002,https://cerutti.home.xs4all.nl/
2741,2004,https://cetas.home.xs4all.nl/
2747,2000,https://cfci.home.xs4all.nl/
2761,2008,https://chagoi.home.xs4all.nl/
2770,2002,https://charden.home.xs4all.nl/
2773,2001,https://charmain.home.xs4all.nl/
2774,2008,https://chars.home.xs4all.nl/
2784,2003,https://chduif.home.xs4all.nl/
2787,1999,https://chefralf.home.xs4all.nl/
2805,2017,https://chi.home.xs4all.nl/
2806,2006,https://chiii.home.xs4all.nl/
2822,2003,https://choraii.home.xs4all.nl/
2823,2001,https://chourou.home.xs4all.nl/
2824,2009,https://chow888.home.xs4all.nl/
2826,1997,https://chrisc.home.xs4all.nl/
2836,1997,https://christop.home.xs4all.nl/
2838,2001,https://chrisvi.home.xs4all.nl/
2842,2012,https://chrvl.home.xs4all.nl/
2845,2004,https://chubby01.home.xs4all.nl/
2848,2001,https://ciaeu2.home.xs4all.nl/
2853,2006,https://ciccone.home.xs4all.nl/
2861,2000,https://cinco.home.xs4all.nl/
2870,2006,https://cittern.home.xs4all.nl/
2871,2004,https://cjaarts.home.xs4all.nl/
2878,2005,https://cjlabree.home.xs4all.nl/
2879,2013,https://cjmh.home.xs4all.nl/
2881,1997,https://cjoosen.home.xs4all.nl/
2902,2009,https://clara0.home.xs4all.nl/
2913,2016,https://claya.home.xs4all.nl/
2915,2000,https://clclog.home.xs4all.nl/
2921,2003,https://clhagen.home.xs4all.nl/
2929,2004,https://cluitham.home.xs4all.nl/
2930,2001,https://clusure.home.xs4all.nl/
2937,2003,https://cmiopl.home.xs4all.nl/
2938,2004,https://cmoinier.home.xs4all.nl/
2943,2002,https://cmr.home.xs4all.nl/
2960,2008,https://cobussen.home.xs4all.nl/
2965,2001,https://coeff.home.xs4all.nl/
2974,2014,https://coert.home.xs4all.nl/
2985,2003,https://colleen.home.xs4all.nl/
2986,2004,https://college.home.xs4all.nl/
2987,2008,https://collin.home.xs4all.nl/
2988,2003,https://collonil.home.xs4all.nl/
2997,2002,https://combiko.home.xs4all.nl/
2998,2001,https://combina.home.xs4all.nl/
3000,2001,https://combvids.home.xs4all.nl/
3002,2004,https://comedian.home.xs4all.nl/
3003,2001,https://comerwel.home.xs4all.nl/
3012,2003,https://comout.home.xs4all.nl/
3016,2000,https://compubli.home.xs4all.nl/
3020,2002,https://conan.home.xs4all.nl/
3022,2000,https://concern1.home.xs4all.nl/
3028,2007,https://connect.home.xs4all.nl/
3038,2003,https://contente.home.xs4all.nl/
3040,2004,https://conv4.home.xs4all.nl/
3041,2000,https://conwat.home.xs4all.nl/
3048,2008,https://cooper17.home.xs4all.nl/
3063,2000,https://corlip.home.xs4all.nl/
3070,2000,https://cornolio.home.xs4all.nl/
3076,2019,https://corvdh.home.xs4all.nl/
3089,2012,https://cover.home.xs4all.nl/
3103,1999,https://cpxcompu.home.xs4all.nl/
3107,2000,https://cranio.home.xs4all.nl/
3115,2008,https://creator2.home.xs4all.nl/
3121,2001,https://crejart1.home.xs4all.nl/
3126,2002,https://cricova.home.xs4all.nl/
3128,2007,https://crimsonw.home.xs4all.nl/
3129,2004,https://crisp.home.xs4all.nl/
3132,2001,https://crlomweb.home.xs4all.nl/
3138,2003,https://cronje.home.xs4all.nl/
3141,2001,https://crosback.home.xs4all.nl/
3145,1997,https://crown.home.xs4all.nl/
3146,2002,https://crownli.home.xs4all.nl/
3158,2001,https://cseal.home.xs4all.nl/
3174,2001,https://cthugha.home.xs4all.nl/
3179,2006,https://cty.home.xs4all.nl/
3187,2002,https://cultural.home.xs4all.nl/
3191,2000,https://cupido.home.xs4all.nl/
3206,2000,https://cvdh.home.xs4all.nl/
3209,1999,https://cvdmark.home.xs4all.nl/
3215,2002,https://cverdoor.home.xs4all.nl/
3217,2001,https://cverweij.home.xs4all.nl/
3237,1998,https://cybermad.home.xs4all.nl/
3239,2007,https://cyberted.home.xs4all.nl/
3241,2002,https://cynase.home.xs4all.nl/
3246,2003,https://d4d.home.xs4all.nl/
3271,2003,https://da.home.xs4all.nl/
3250,2002,https://daank.home.xs4all.nl/
3259,2006,https://dach.home.xs4all.nl/
3263,2002,https://daf2303.home.xs4all.nl/
3267,1999,https://dagnl3.home.xs4all.nl/
3268,2004,https://dagomar.home.xs4all.nl/
3269,2003,https://dahardon.home.xs4all.nl/
3273,2008,https://daimhoff.home.xs4all.nl/
3274,2003,https://dair.home.xs4all.nl/
3275,2006,https://dajd.home.xs4all.nl/
3276,2003,https://dakini.home.xs4all.nl/
3281,2006,https://dalmolen.home.xs4all.nl/
3283,2006,https://dalton.home.xs4all.nl/
3284,2019,https://dalweb.home.xs4all.nl/
3301,2001,https://dangelo.home.xs4all.nl/
3306,2002,https://dank.home.xs4all.nl/
3310,2003,https://dannysan.home.xs4all.nl/
3313,2001,https://dans.home.xs4all.nl/
10123,2002,https://dantea.home.xs4all.nl/
3319,2003,https://daphas.home.xs4all.nl/
3320,2001,https://daplaren.home.xs4all.nl/
3327,2008,https://dassel.home.xs4all.nl/
3332,2001,https://datahome.home.xs4all.nl/
3339,1999,https://davidbos.home.xs4all.nl/
3346,2005,https://dawn.home.xs4all.nl/
3350,1997,https://dbarth.home.xs4all.nl/
3352,1998,https://dbc.home.xs4all.nl/
3360,2000,https://dbscomp.home.xs4all.nl/
3372,2001,https://ddcsoft.home.xs4all.nl/
3386,2006,https://debaatj.home.xs4all.nl/
3388,2000,https://debarst.home.xs4all.nl/
3390,1999,https://debelgen.home.xs4all.nl/
3394,2008,https://deboe.home.xs4all.nl/
3403,2002,https://debruin0.home.xs4all.nl/
3410,2002,https://decpat.home.xs4all.nl/
3412,2003,https://decyfer.home.xs4all.nl/
3414,2002,https://dedijk.home.xs4all.nl/
3415,2000,https://dedissel.home.xs4all.nl/
3419,1997,https://deduivel.home.xs4all.nl/
3420,2000,https://deelder.home.xs4all.nl/
3422,1998,https://deenfilm.home.xs4all.nl/
3432,2014,https://degmond.home.xs4all.nl/
3434,2001,https://degoeder.home.xs4all.nl/
3438,2000,https://degrootu.home.xs4all.nl/
3448,2001,https://deirfniw.home.xs4all.nl/
3459,2001,https://dekey.home.xs4all.nl/
3473,1998,https://deksmart.home.xs4all.nl/
3478,2004,https://delau.home.xs4all.nl/
3485,2001,https://delivzw.home.xs4all.nl/
3488,1999,https://delongh1.home.xs4all.nl/
3489,2006,https://deloopes.home.xs4all.nl/
3492,2001,https://delpradp.home.xs4all.nl/
3503,2019,https://denatris.home.xs4all.nl/
3508,2004,https://dendriet.home.xs4all.nl/
3512,2003,https://denkersj.home.xs4all.nl/
3519,2004,https://densa0.home.xs4all.nl/
3522,2001,https://dentho01.home.xs4all.nl/
3523,2000,https://dentu.home.xs4all.nl/
3526,2001,https://depatram.home.xs4all.nl/
3533,1997,https://deridder.home.xs4all.nl/
3535,2004,https://derkk.home.xs4all.nl/
3537,2001,https://derksenp.home.xs4all.nl/
3549,2002,https://desmo.home.xs4all.nl/
3555,2003,https://desterke.home.xs4all.nl/
3556,2008,https://destiel.home.xs4all.nl/
3558,2000,https://destr244.home.xs4all.nl/
3561,2001,https://detectiv.home.xs4all.nl/
3564,1998,https://detlef.home.xs4all.nl/
3566,2000,https://detmar2.home.xs4all.nl/
3571,2008,https://deut.home.xs4all.nl/
3573,2000,https://devalck.home.xs4all.nl/
3583,2008,https://devisa.home.xs4all.nl/
3586,2001,https://devogelm.home.xs4all.nl/
3587,2001,https://devoorde.home.xs4all.nl/
3594,2005,https://devrij.home.xs4all.nl/
3595,2000,https://dewaelej.home.xs4all.nl/
3597,1999,https://dewanweb.home.xs4all.nl/
3610,2003,https://dezaal.home.xs4all.nl/
3622,2002,https://dfseecom.home.xs4all.nl/
3623,2012,https://dgb.home.xs4all.nl/
3635,2019,https://dherzog.home.xs4all.nl/
3657,1998,https://dialogos.home.xs4all.nl/
3664,2004,https://dickbout.home.xs4all.nl/
3667,2014,https://dickhrst.home.xs4all.nl/
3681,2001,https://dieskone.home.xs4all.nl/
3692,1999,https://dijaru.home.xs4all.nl/
3697,2003,https://dijkbox.home.xs4all.nl/
3699,2002,https://dijkgrnl.home.xs4all.nl/
3703,2004,https://dijkjong.home.xs4all.nl/
3714,2004,https://diker14.home.xs4all.nl/
3722,2004,https://dimaroan.home.xs4all.nl/
3729,2000,https://dina.home.xs4all.nl/
3730,2000,https://dinant.home.xs4all.nl/
3733,2002,https://dingezz.home.xs4all.nl/
3744,2001,https://dirickx.home.xs4all.nl/
3747,2003,https://dirkamig.home.xs4all.nl/
3754,2000,https://dirkvang.home.xs4all.nl/
3755,2002,https://dirkvdd.home.xs4all.nl/
3757,2014,https://discordi.home.xs4all.nl/
3761,2001,https://distri2.home.xs4all.nl/
3782,2004,https://djfuck.home.xs4all.nl/
3788,2002,https://djmuider.home.xs4all.nl/
3795,2012,https://djvanham.home.xs4all.nl/
3813,2016,https://dlfng.home.xs4all.nl/
3814,2006,https://dlgroep.home.xs4all.nl/
3815,2008,https://dlk.home.xs4all.nl/
3819,2002,https://dmaesen.home.xs4all.nl/
3820,2005,https://dmagic.home.xs4all.nl/
3825,2002,https://dmint.home.xs4all.nl/
3828,2004,https://dmvaneck.home.xs4all.nl/
3832,2019,https://dngmns.home.xs4all.nl/
3840,2005,https://doek2.home.xs4all.nl/
3844,2003,https://doesbunl.home.xs4all.nl/
3861,2000,https://dolfin.home.xs4all.nl/
3866,2019,https://dolphy.home.xs4all.nl/
3867,2008,https://dolsfam.home.xs4all.nl/
3871,1999,https://domini.home.xs4all.nl/
3873,2001,https://domulder.home.xs4all.nl/
3875,2008,https://donaldus.home.xs4all.nl/
3892,2001,https://doohan.home.xs4all.nl/
3904,2004,https://dopsurf.home.xs4all.nl/
3911,2008,https://dorinehu.home.xs4all.nl/
3916,2000,https://dorpdal.home.xs4all.nl/
3917,2003,https://dorre.home.xs4all.nl/
3923,2001,https://dotank.home.xs4all.nl/
3926,2007,https://dott.home.xs4all.nl/
3934,2003,https://douwev.home.xs4all.nl/
3938,2000,https://dpallis.home.xs4all.nl/
3950,2002,https://dprdstal.home.xs4all.nl/
3951,2005,https://dpse0.home.xs4all.nl/
3956,2004,https://dragon12.home.xs4all.nl/
3958,2001,https://drbaaren.home.xs4all.nl/
3960,2003,https://dreamcat.home.xs4all.nl/
3963,2001,https://dreigend.home.xs4all.nl/
3964,2005,https://drencrom.home.xs4all.nl/
3979,2008,https://drielvao.home.xs4all.nl/
3980,1998,https://driesign.home.xs4all.nl/
4007,1999,https://drukweer.home.xs4all.nl/
4008,1997,https://drukzelf.home.xs4all.nl/
4013,2003,https://dschaap.home.xs4all.nl/
4026,2004,https://dsl34780.home.xs4all.nl/
4031,2002,https://dsltv.home.xs4all.nl/
4040,2002,https://dsu.home.xs4all.nl/
4043,2004,https://dtjin.home.xs4all.nl/
4048,1998,https://dubach.home.xs4all.nl/
4049,2001,https://dubbelde.home.xs4all.nl/
4052,2004,https://duceco.home.xs4all.nl/
4058,2008,https://duif88.home.xs4all.nl/
4063,2001,https://duintjes.home.xs4all.nl/
4070,2001,https://dunne01.home.xs4all.nl/
4075,2002,https://duotone.home.xs4all.nl/
4077,2003,https://duplitrn.home.xs4all.nl/
4082,2002,https://dutchar.home.xs4all.nl/
4086,2017,https://dute.home.xs4all.nl/
4089,2013,https://duvivier.home.xs4all.nl/
4092,1998,https://dv8.home.xs4all.nl/
4097,2002,https://dvdavid.home.xs4all.nl/
4101,2001,https://dvdny.home.xs4all.nl/
4103,2000,https://dvdvlies.home.xs4all.nl/
4107,2002,https://dvgasten.home.xs4all.nl/
4109,2004,https://dvisser.home.xs4all.nl/
4120,2001,https://dwb.home.xs4all.nl/
4132,2001,https://dwsoluti.home.xs4all.nl/
4138,2008,https://dynamicf.home.xs4all.nl/
4142,2004,https://dyxtra.home.xs4all.nl/
4145,2008,https://dziewon.home.xs4all.nl/
4147,2008,https://ea7.home.xs4all.nl/
4150,2007,https://eagle25.home.xs4all.nl/
4152,2004,https://eakoster.home.xs4all.nl/
4164,2003,https://ebb.home.xs4all.nl/
4176,2004,https://eboereh.home.xs4all.nl/
4180,2006,https://ebogerd.home.xs4all.nl/
4186,2002,https://ebret.home.xs4all.nl/
4192,2004,https://ec02.home.xs4all.nl/
4205,2000,https://ecirkel.home.xs4all.nl/
4206,2001,https://ecirkweb.home.xs4all.nl/
4207,2007,https://eckhardu.home.xs4all.nl/
4209,2002,https://ecoert.home.xs4all.nl/
4212,1999,https://ecoplan.home.xs4all.nl/
4213,2002,https://ecopower.home.xs4all.nl/
4214,2003,https://ecotexnl.home.xs4all.nl/
18836,2002,https://ecpat.home.xs4all.nl/
4220,2001,https://ecsoyo.home.xs4all.nl/
4235,2004,https://edel.home.xs4all.nl/
4239,2000,https://ederijke.home.xs4all.nl/
4246,2005,https://ediam.home.xs4all.nl/
4255,2000,https://edna.home.xs4all.nl/
4256,2019,https://ednieuw.home.xs4all.nl/
4259,2008,https://edovaart.home.xs4all.nl/
4264,2004,https://edschut.home.xs4all.nl/
4270,2012,https://eduardvh.home.xs4all.nl/
4279,1997,https://edwinvl.home.xs4all.nl/
4286,2009,https://edy.home.xs4all.nl/
4285,2000,https://edyaltes.home.xs4all.nl/
4301,2007,https://eelcow.home.xs4all.nl/
4309,2005,https://eend1.home.xs4all.nl/
4314,2006,https://eerkens.home.xs4all.nl/
4328,2001,https://efjpb.home.xs4all.nl/
4329,2002,https://efkavis.home.xs4all.nl/
4333,2002,https://efreeman.home.xs4all.nl/
4347,2001,https://egmondnl.home.xs4all.nl/
4349,2000,https://ehannivo.home.xs4all.nl/
4352,2008,https://eherber.home.xs4all.nl/
4362,2000,https://eiff.home.xs4all.nl/
4365,2001,https://eijberge.home.xs4all.nl/
4384,2003,https://ejmatth.home.xs4all.nl/
4386,2006,https://ejnoomen.home.xs4all.nl/
4400,2001,https://ekimus.home.xs4all.nl/
4401,2004,https://ekkie0.home.xs4all.nl/
4416,1997,https://eksteg.home.xs4all.nl/
4423,2008,https://elammers.home.xs4all.nl/
4434,2001,https://eldersf.home.xs4all.nl/
4440,2000,https://eleede.home.xs4all.nl/
4446,2002,https://elgb2018.home.xs4all.nl/
4447,1998,https://elgb3000.home.xs4all.nl/
4448,1998,https://elgb8000.home.xs4all.nl/
4451,2007,https://elhvb.home.xs4all.nl/
4460,2002,https://elio.home.xs4all.nl/
4462,2009,https://elisa.home.xs4all.nl/
4485,2014,https://elout.home.xs4all.nl/
4486,2003,https://elouwman.home.xs4all.nl/
4497,2002,https://els.home.xs4all.nl/
4491,2000,https://elschkri.home.xs4all.nl/
4492,2003,https://elsed.home.xs4all.nl/
4495,2009,https://elserve.home.xs4all.nl/
4498,2006,https://elshoud.home.xs4all.nl/
4501,1998,https://elstar.home.xs4all.nl/
4507,2005,https://elvb.home.xs4all.nl/
4521,2001,https://ematchbh.home.xs4all.nl/
4525,2019,https://embden11.home.xs4all.nl/
4527,1999,https://emcontrl.home.xs4all.nl/
4539,1997,https://emmermr.home.xs4all.nl/
4544,2003,https://emnet.home.xs4all.nl/
4547,2004,https://emooi.home.xs4all.nl/
4550,2001,https://empire1.home.xs4all.nl/
4551,2004,https://empty.home.xs4all.nl/
4552,2010,https://emptywor.home.xs4all.nl/
4571,2003,https://engel13.home.xs4all.nl/
4573,2012,https://engelenb.home.xs4all.nl/
4579,2002,https://engvideo.home.xs4all.nl/
4588,2002,https://ennint.home.xs4all.nl/
4589,2004,https://enois.home.xs4all.nl/
4598,2012,https://enzlin.home.xs4all.nl/
4609,2003,https://epetter.home.xs4all.nl/
4620,2004,https://epras.home.xs4all.nl/
4621,2006,https://epro.home.xs4all.nl/
4623,2004,https://epvdmark.home.xs4all.nl/
4624,1999,https://equartel.home.xs4all.nl/
4637,2002,https://ergot.home.xs4all.nl/
4651,1999,https://eric.home.xs4all.nl/
4642,2004,https://ericb.home.xs4all.nl/
4648,2008,https://ericd.home.xs4all.nl/
4647,2010,https://ericdere.home.xs4all.nl/
4652,2000,https://ericjan.home.xs4all.nl/
4665,2006,https://erikgrnh.home.xs4all.nl/
4675,2006,https://erikt.home.xs4all.nl/
4678,2008,https://erikvoll.home.xs4all.nl/
4683,2008,https://erjomi.home.xs4all.nl/
4687,2013,https://erkooi.home.xs4all.nl/
4696,1997,https://ernied.home.xs4all.nl/
4698,2017,https://ernstagn.home.xs4all.nl/
4703,2000,https://erotiekb.home.xs4all.nl/
4708,2007,https://ersc.home.xs4all.nl/
4712,2005,https://eruit.home.xs4all.nl/
4716,2002,https://erwcynth.home.xs4all.nl/
4728,2000,https://esanting.home.xs4all.nl/
4735,2004,https://eschute.home.xs4all.nl/
4743,2001,https://esitd1.home.xs4all.nl/
4750,2001,https://esperbf.home.xs4all.nl/
4754,2004,https://essers.home.xs4all.nl/
4764,2005,https://esuscons.home.xs4all.nl/
4768,1998,https://esvelt.home.xs4all.nl/
4771,2001,https://etbnl.home.xs4all.nl/
4773,2004,https://eteia.home.xs4all.nl/
4775,1998,https://eternal.home.xs4all.nl/
4776,1998,https://eteule.home.xs4all.nl/
4781,2002,https://etlaare.home.xs4all.nl/
4782,2019,https://etmriwi.home.xs4all.nl/
4783,2002,https://etonen.home.xs4all.nl/
4788,2002,https://euoti.home.xs4all.nl/
4790,2001,https://eurobest.home.xs4all.nl/
4791,2001,https://eurodemo.home.xs4all.nl/
4797,2001,https://europcon.home.xs4all.nl/
4798,2003,https://eurosign.home.xs4all.nl/
4802,1999,https://eurotuin.home.xs4all.nl/
4804,2001,https://eurozak.home.xs4all.nl/
4805,2002,https://euser.home.xs4all.nl/
4808,2002,https://eva2002.home.xs4all.nl/
4812,2003,https://evandrie.home.xs4all.nl/
4813,1997,https://evanerp.home.xs4all.nl/
4814,2012,https://evanherk.home.xs4all.nl/
4827,2002,https://evds.home.xs4all.nl/
4829,2005,https://evel.home.xs4all.nl/
4830,2010,https://evelien.home.xs4all.nl/
4846,2001,https://every.home.xs4all.nl/
4852,2002,https://evlans.home.xs4all.nl/
4858,2001,https://evrtravl.home.xs4all.nl/
4859,2002,https://evsound.home.xs4all.nl/
4862,2004,https://evvugt.home.xs4all.nl/
4871,2002,https://ewi.home.xs4all.nl/
4874,2008,https://ewildsch.home.xs4all.nl/
4877,2003,https://ewrtal.home.xs4all.nl/
4886,2000,https://expclean.home.xs4all.nl/
4887,2004,https://explo.home.xs4all.nl/
4888,2004,https://exrcrds.home.xs4all.nl/
4893,1998,https://eye.home.xs4all.nl/
4897,1998,https://ezel.home.xs4all.nl/
4901,2000,https://faamnl.home.xs4all.nl/
4912,2000,https://faces.home.xs4all.nl/
4916,1999,https://factotum.home.xs4all.nl/
4920,1997,https://fahd.home.xs4all.nl/
4921,2003,https://fahner.home.xs4all.nl/
4924,2002,https://faib.home.xs4all.nl/
4933,2002,https://fali.home.xs4all.nl/
4937,2001,https://fambaas.home.xs4all.nl/
4940,2008,https://fambok.home.xs4all.nl/
4944,2003,https://famdas.home.xs4all.nl/
4957,2005,https://familifl.home.xs4all.nl/
4969,2003,https://famrueb.home.xs4all.nl/
4973,2004,https://famu.home.xs4all.nl/
4978,2001,https://famvdloo.home.xs4all.nl/
4982,2004,https://famwouda.home.xs4all.nl/
4992,2004,https://fat.home.xs4all.nl/
5001,2002,https://fbezemer.home.xs4all.nl/
5005,2003,https://fbosch0.home.xs4all.nl/
5010,2000,https://fbrugman.home.xs4all.nl/
5014,2003,https://fcanedo.home.xs4all.nl/
5024,2004,https://fdemink.home.xs4all.nl/
5027,1999,https://fdgap.home.xs4all.nl/
5041,2001,https://feldmann.home.xs4all.nl/
5044,2003,https://felipe.home.xs4all.nl/
5054,2003,https://fenke.home.xs4all.nl/
5057,2000,https://fenrus.home.xs4all.nl/
5065,2001,https://fer.home.xs4all.nl/
5060,1999,https://ferba.home.xs4all.nl/
5061,2008,https://ferdewit.home.xs4all.nl/
5064,2013,https://ferguson.home.xs4all.nl/
5076,2004,https://ferryvn.home.xs4all.nl/
5092,2003,https://fgsc.home.xs4all.nl/
5120,2015,https://filter1.home.xs4all.nl/
5122,2000,https://finace.home.xs4all.nl/
5130,1999,https://finz.home.xs4all.nl/
5143,1997,https://fishman.home.xs4all.nl/
5144,2003,https://fit1994.home.xs4all.nl/
5146,1999,https://fjagtman.home.xs4all.nl/
5147,2016,https://fjans.home.xs4all.nl/
5154,2008,https://fjhin.home.xs4all.nl/
5158,2019,https://fjkraan.home.xs4all.nl/
5160,2019,https://fjmblom.home.xs4all.nl/
5173,2002,https://fksbvba.home.xs4all.nl/
5176,2013,https://flaan.home.xs4all.nl/
5185,2007,https://flex76.home.xs4all.nl/
5189,2019,https://flinterm.home.xs4all.nl/
5194,2000,https://flitz.home.xs4all.nl/
5196,2008,https://floortje.home.xs4all.nl/
5199,2001,https://florexbv.home.xs4all.nl/
5201,2001,https://florigo.home.xs4all.nl/
5206,1999,https://fluffy1.home.xs4all.nl/
5216,2005,https://flyrod.home.xs4all.nl/
5223,2019,https://fmlekens.home.xs4all.nl/
5225,2013,https://fmoens.home.xs4all.nl/
5247,2019,https://fokkink0.home.xs4all.nl/
5248,2001,https://fokko.home.xs4all.nl/
5254,2006,https://fonexs.home.xs4all.nl/
5259,2000,https://fontanab.home.xs4all.nl/
5271,2001,https://forzaorg.home.xs4all.nl/
5273,2001,https://fotodikk.home.xs4all.nl/
5302,2001,https://fprofiel.home.xs4all.nl/
5303,1999,https://fqs.home.xs4all.nl/
5305,2000,https://fraassen.home.xs4all.nl/
5306,2002,https://fractals.home.xs4all.nl/
5313,2017,https://franckey.home.xs4all.nl/
5330,2000,https://frank.home.xs4all.nl/
5317,2001,https://frank00.home.xs4all.nl/
5345,2003,https://frans66.home.xs4all.nl/
5349,2003,https://fransh.home.xs4all.nl/
5351,2018,https://fransjej.home.xs4all.nl/
5354,2018,https://fransthe.home.xs4all.nl/
5355,1997,https://franswff.home.xs4all.nl/
5357,1998,https://franviva.home.xs4all.nl/
5359,2007,https://fraskia.home.xs4all.nl/
5367,2017,https://fredbor.home.xs4all.nl/
5372,2000,https://fredmaus.home.xs4all.nl/
5374,2015,https://fredsp.home.xs4all.nl/
5377,2012,https://freekdb.home.xs4all.nl/
5381,2003,https://freeswan.home.xs4all.nl/
5392,2009,https://frenske.home.xs4all.nl/
5393,2001,https://frerikss.home.xs4all.nl/
5400,2002,https://friends.home.xs4all.nl/
5413,1999,https://fritsenk.home.xs4all.nl/
5415,1999,https://frjlicht.home.xs4all.nl/
5418,2009,https://frode.home.xs4all.nl/
5423,2006,https://fromage.home.xs4all.nl/
5442,2003,https://fstegema.home.xs4all.nl/
5446,2005,https://ftenhaaf.home.xs4all.nl/
5451,2000,https://ftp2b334.home.xs4all.nl/
5456,1999,https://ftpad001.home.xs4all.nl/
5461,2003,https://ftpak009.home.xs4all.nl/
5464,2003,https://ftpal035.home.xs4all.nl/
5466,2000,https://ftpal123.home.xs4all.nl/
5468,1999,https://ftpam002.home.xs4all.nl/
5470,1999,https://ftpan002.home.xs4all.nl/
5472,2005,https://ftpan021.home.xs4all.nl/
5473,2001,https://ftpan086.home.xs4all.nl/
5477,2001,https://ftpar003.home.xs4all.nl/
5478,2001,https://ftpar005.home.xs4all.nl/
5479,2003,https://ftpar009.home.xs4all.nl/
5480,2000,https://ftpar023.home.xs4all.nl/
5496,2001,https://ftpbe031.home.xs4all.nl/
5503,2004,https://ftpbm223.home.xs4all.nl/
5506,2000,https://ftpbo020.home.xs4all.nl/
5515,2000,https://ftpbr035.home.xs4all.nl/
5521,2005,https://ftpbv010.home.xs4all.nl/
5523,1999,https://ftpby001.home.xs4all.nl/
5526,2001,https://ftpca030.home.xs4all.nl/
5527,2000,https://ftpca050.home.xs4all.nl/
5530,2000,https://ftpca831.home.xs4all.nl/
5532,2000,https://ftpcf002.home.xs4all.nl/
5534,2000,https://ftpch005.home.xs4all.nl/
5538,2003,https://ftpcl009.home.xs4all.nl/
5540,2000,https://ftpclaas.home.xs4all.nl/
5541,2003,https://ftpco029.home.xs4all.nl/
5546,2003,https://ftpcs006.home.xs4all.nl/
5550,2001,https://ftpda002.home.xs4all.nl/
5552,2004,https://ftpde005.home.xs4all.nl/
5555,2002,https://ftpde029.home.xs4all.nl/
5557,2005,https://ftpde056.home.xs4all.nl/
5564,2001,https://ftpdo003.home.xs4all.nl/
5565,2002,https://ftpdo009.home.xs4all.nl/
5566,2004,https://ftpdo010.home.xs4all.nl/
5572,2000,https://ftpdr007.home.xs4all.nl/
5574,2002,https://ftpdu001.home.xs4all.nl/
5575,2001,https://ftpdu428.home.xs4all.nl/
5578,2000,https://ftpec124.home.xs4all.nl/
5580,2001,https://ftped005.home.xs4all.nl/
5582,2007,https://ftpef000.home.xs4all.nl/
5586,2003,https://ftpep010.home.xs4all.nl/
5592,2004,https://ftpey001.home.xs4all.nl/
5596,2003,https://ftpfa233.home.xs4all.nl/
5600,2000,https://ftpfi020.home.xs4all.nl/
5602,2000,https://ftpfi110.home.xs4all.nl/
5603,2004,https://ftpfj001.home.xs4all.nl/
5606,2001,https://ftpfo321.home.xs4all.nl/
5610,1999,https://ftpfu002.home.xs4all.nl/
5615,2003,https://ftpga005.home.xs4all.nl/
5618,2000,https://ftpga654.home.xs4all.nl/
5619,2003,https://ftpge001.home.xs4all.nl/
10302,2002,https://ftpgg001.home.xs4all.nl/
5628,2001,https://ftpgr008.home.xs4all.nl/
5636,2004,https://ftpha017.home.xs4all.nl/
5642,2003,https://ftpha999.home.xs4all.nl/
5644,1999,https://ftphe005.home.xs4all.nl/
5646,2003,https://ftphe025.home.xs4all.nl/
5647,2001,https://ftphe039.home.xs4all.nl/
5649,2003,https://ftphe116.home.xs4all.nl/
5650,2001,https://ftphe160.home.xs4all.nl/
5653,2001,https://ftphh003.home.xs4all.nl/
5658,2000,https://ftpho032.home.xs4all.nl/
5673,2007,https://ftpim014.home.xs4all.nl/
5676,2000,https://ftpin005.home.xs4all.nl/
5677,2000,https://ftpin01.home.xs4all.nl/
5681,2004,https://ftpin090.home.xs4all.nl/
5683,2001,https://ftpin141.home.xs4all.nl/
5687,2004,https://ftpit055.home.xs4all.nl/
5703,2000,https://ftpka321.home.xs4all.nl/
5705,2004,https://ftpkf001.home.xs4all.nl/
5707,2002,https://ftpki263.home.xs4all.nl/
5710,2004,https://ftpko099.home.xs4all.nl/
5711,2001,https://ftpko121.home.xs4all.nl/
5713,2000,https://ftpku005.home.xs4all.nl/
5717,2001,https://ftple155.home.xs4all.nl/
5721,2000,https://ftpli019.home.xs4all.nl/
5736,2000,https://ftpme017.home.xs4all.nl/
5737,2003,https://ftpme111.home.xs4all.nl/
5738,2002,https://ftpme246.home.xs4all.nl/
5739,2008,https://ftpme845.home.xs4all.nl/
5744,2001,https://ftpmk002.home.xs4all.nl/
5745,2003,https://ftpml555.home.xs4all.nl/
5748,2002,https://ftpmo026.home.xs4all.nl/
5751,2002,https://ftpmt001.home.xs4all.nl/
5752,1999,https://ftpmu007.home.xs4all.nl/
5754,2002,https://ftpmu023.home.xs4all.nl/
5762,2001,https://ftpng000.home.xs4all.nl/
5770,2004,https://ftpof120.home.xs4all.nl/
5775,2002,https://ftpou005.home.xs4all.nl/
5779,2001,https://ftppa029.home.xs4all.nl/
5784,2003,https://ftppe008.home.xs4all.nl/
5785,2002,https://ftpph007.home.xs4all.nl/
5790,2005,https://ftppl090.home.xs4all.nl/
5797,2001,https://ftppr016.home.xs4all.nl/
5800,2000,https://ftppu006.home.xs4all.nl/
5810,2003,https://ftpre113.home.xs4all.nl/
5823,2001,https://ftprp009.home.xs4all.nl/
5824,2000,https://ftprr001.home.xs4all.nl/
5833,2000,https://ftpsc087.home.xs4all.nl/
5841,2003,https://ftpsp008.home.xs4all.nl/
5842,2007,https://ftpsp015.home.xs4all.nl/
5848,2002,https://ftpst059.home.xs4all.nl/
5855,2003,https://ftpsy004.home.xs4all.nl/
5857,2001,https://ftpsz001.home.xs4all.nl/
5864,2001,https://ftpte016.home.xs4all.nl/
5866,2004,https://ftpte222.home.xs4all.nl/
5869,2000,https://ftpth999.home.xs4all.nl/
5877,2001,https://ftptr130.home.xs4all.nl/
5879,2000,https://ftpub555.home.xs4all.nl/
5888,1999,https://ftpva055.home.xs4all.nl/
5897,2005,https://ftpvd009.home.xs4all.nl/
5898,2000,https://ftpve013.home.xs4all.nl/
5899,2001,https://ftpve014.home.xs4all.nl/
5902,2001,https://ftpve232.home.xs4all.nl/
5903,2007,https://ftpve445.home.xs4all.nl/
5904,2000,https://ftpve555.home.xs4all.nl/
5905,2002,https://ftpve667.home.xs4all.nl/
5910,2000,https://ftpvi055.home.xs4all.nl/
5913,2005,https://ftpvj022.home.xs4all.nl/
5916,2005,https://ftpvo001.home.xs4all.nl/
5923,2000,https://ftpwa029.home.xs4all.nl/
5926,2005,https://ftpwe011.home.xs4all.nl/
5927,2001,https://ftpwe029.home.xs4all.nl/
5930,2001,https://ftpwe777.home.xs4all.nl/
5931,2000,https://ftpwh001.home.xs4all.nl/
5933,2001,https://ftpwo002.home.xs4all.nl/
5936,2002,https://ftpwo105.home.xs4all.nl/
5939,2007,https://ftpza002.home.xs4all.nl/
5941,2001,https://ftpzo120.home.xs4all.nl/
5964,2001,https://fununite.home.xs4all.nl/
5970,2010,https://fvdam.home.xs4all.nl/
5974,2019,https://fvdwaa.home.xs4all.nl/
5975,2004,https://fvdwerf.home.xs4all.nl/
5976,2006,https://fvdz.home.xs4all.nl/
5985,2000,https://fvgalen.home.xs4all.nl/
5986,2001,https://fvgool.home.xs4all.nl/
6005,2002,https://fw.home.xs4all.nl/
5998,2016,https://fwb.home.xs4all.nl/
6000,1999,https://fweesing.home.xs4all.nl/
6001,2013,https://fwerner.home.xs4all.nl/
6021,2009,https://gaag.home.xs4all.nl/
6024,2013,https://gabor.home.xs4all.nl/
6037,1998,https://gambit.home.xs4all.nl/
6044,2003,https://ganswijk.home.xs4all.nl/
6055,2000,https://gaspar.home.xs4all.nl/
6058,2004,https://gast.home.xs4all.nl/
6070,2001,https://gay.home.xs4all.nl/
6098,2002,https://gdehaan.home.xs4all.nl/
6102,1999,https://gderksen.home.xs4all.nl/
6103,1999,https://gdesmet.home.xs4all.nl/
6105,1999,https://gdlk.home.xs4all.nl/
6114,2000,https://gebrjong.home.xs4all.nl/
6138,2001,https://geert.home.xs4all.nl/
6139,2003,https://geertk.home.xs4all.nl/
6141,2001,https://geertnec.home.xs4all.nl/
6148,2000,https://geest5.home.xs4all.nl/
6150,2001,https://geezz.home.xs4all.nl/
6151,2004,https://geffen.home.xs4all.nl/
6180,1999,https://gems.home.xs4all.nl/
6179,1999,https://gems0.home.xs4all.nl/
6186,2000,https://genealoh.home.xs4all.nl/
6191,2003,https://gentbrou.home.xs4all.nl/
6193,2000,https://gentwtrt.home.xs4all.nl/
6196,2002,https://geologic.home.xs4all.nl/
6198,2004,https://geoplus.home.xs4all.nl/
6199,1997,https://geopol.home.xs4all.nl/
6201,1999,https://george.home.xs4all.nl/
6205,2009,https://gerald.home.xs4all.nl/
6212,2009,https://gerben.home.xs4all.nl/
6227,2009,https://gerlof.home.xs4all.nl/
6228,2000,https://gerlosms.home.xs4all.nl/
6232,1997,https://gerritf.home.xs4all.nl/
6237,1999,https://gerryp.home.xs4all.nl/
6238,2015,https://gert01.home.xs4all.nl/
6243,2003,https://gertjan.home.xs4all.nl/
6249,2005,https://gerwin.home.xs4all.nl/
6255,1999,https://getjan.home.xs4all.nl/
6258,2001,https://getwired.home.xs4all.nl/
6263,2001,https://gevaerts.home.xs4all.nl/
6266,2014,https://geweta.home.xs4all.nl/
6267,2008,https://gezellih.home.xs4all.nl/
6268,2007,https://gfk0001.home.xs4all.nl/
6279,1998,https://ggz.home.xs4all.nl/
6302,2004,https://ghwwill.home.xs4all.nl/
6314,2004,https://gielent.home.xs4all.nl/
6327,2004,https://giezem.home.xs4all.nl/
6337,2000,https://gildedag.home.xs4all.nl/
6342,1997,https://gimbrere.home.xs4all.nl/
6346,1997,https://giorgi.home.xs4all.nl/
6347,2017,https://giorgio.home.xs4all.nl/
6362,2016,https://gjcv.home.xs4all.nl/
6378,2009,https://gjv.home.xs4all.nl/
6381,2001,https://gjvtk.home.xs4all.nl/
6387,2002,https://gkwebinn.home.xs4all.nl/
6397,2001,https://glennvan.home.xs4all.nl/
6401,2002,https://glmvds1.home.xs4all.nl/
6420,2004,https://gml.home.xs4all.nl/
6428,1999,https://gniletfe.home.xs4all.nl/
6431,2003,https://go2.home.xs4all.nl/
6448,2001,https://goetze.home.xs4all.nl/
6452,2001,https://goldbusi.home.xs4all.nl/
6456,1999,https://golfgti.home.xs4all.nl/
6461,2001,https://gondry1.home.xs4all.nl/
6465,2002,https://goodcme.home.xs4all.nl/
6466,2004,https://goodfood.home.xs4all.nl/
6467,2002,https://goods4u.home.xs4all.nl/
6470,2002,https://gooi01.home.xs4all.nl/
6475,2000,https://gorilla.home.xs4all.nl/
6484,1999,https://gotham2.home.xs4all.nl/
6500,2001,https://gpfer.home.xs4all.nl/
6504,1999,https://gpi.home.xs4all.nl/
6505,2000,https://gpj.home.xs4all.nl/
6507,2006,https://gpmperso.home.xs4all.nl/
6526,1998,https://gram.home.xs4all.nl/
6528,2008,https://granini.home.xs4all.nl/
18841,2011,https://graven.home.xs4all.nl/
6559,2000,https://grimson.home.xs4all.nl/
6563,2017,https://groeloe.home.xs4all.nl/
6583,2000,https://grompie.home.xs4all.nl/
6602,2004,https://groteque.home.xs4all.nl/
6605,2014,https://grrmpfff.home.xs4all.nl/
6610,2001,https://gruyter.home.xs4all.nl/
6624,1998,https://gsomm.home.xs4all.nl/
6628,2012,https://gsqr.home.xs4all.nl/
6648,2013,https://guidos.home.xs4all.nl/
6649,1999,https://guigurus.home.xs4all.nl/
6661,2001,https://gunilla.home.xs4all.nl/
6666,1999,https://gurth.home.xs4all.nl/
6688,2016,https://gvdt57.home.xs4all.nl/
6697,2000,https://gvisser.home.xs4all.nl/
6719,2001,https://gwooning.home.xs4all.nl/
6721,2004,https://gwstraub.home.xs4all.nl/
6744,2002,https://haasart.home.xs4all.nl/
6755,2004,https://haemers.home.xs4all.nl/
6760,2010,https://hagemapa.home.xs4all.nl/
6761,2002,https://hagentwe.home.xs4all.nl/
6763,1999,https://hagge0.home.xs4all.nl/
6771,2017,https://haifeng.home.xs4all.nl/
6774,2001,https://haja.home.xs4all.nl/
6817,2005,https://han.home.xs4all.nl/
6815,2002,https://hanf.home.xs4all.nl/
6821,2003,https://hanknl.home.xs4all.nl/
6830,2000,https://hanou.home.xs4all.nl/
6856,2004,https://hans.home.xs4all.nl/
6841,1997,https://hansatax.home.xs4all.nl/
6847,2002,https://hanscons.home.xs4all.nl/
6851,2001,https://hansdkkr.home.xs4all.nl/
6866,2009,https://hansmets.home.xs4all.nl/
6870,2011,https://hansrood.home.xs4all.nl/
6882,2008,https://hansvt.home.xs4all.nl/
6887,2007,https://hanwen.home.xs4all.nl/
6891,2007,https://harald.home.xs4all.nl/
6892,2002,https://hardcore.home.xs4all.nl/
6897,2006,https://harlie.home.xs4all.nl/
6907,2004,https://harnak.home.xs4all.nl/
6908,2006,https://haro.home.xs4all.nl/
6916,2006,https://harrypot.home.xs4all.nl/
6917,2000,https://harryvv.home.xs4all.nl/
6923,2003,https://hartelg.home.xs4all.nl/
6924,2002,https://hartenha.home.xs4all.nl/
6926,2001,https://harthout.home.xs4all.nl/
6940,2012,https://hassan7.home.xs4all.nl/
6962,2006,https://havon.home.xs4all.nl/
6968,2019,https://hazy.home.xs4all.nl/
6971,1999,https://hbakker.home.xs4all.nl/
6972,2003,https://hbarbas.home.xs4all.nl/
6975,2019,https://hbeekers.home.xs4all.nl/
6990,2001,https://hbracke.home.xs4all.nl/
6997,2001,https://hcathsch.home.xs4all.nl/
7000,2001,https://hceweb.home.xs4all.nl/
7017,2002,https://hdconinc.home.xs4all.nl/
7032,2001,https://hdonkel.home.xs4all.nl/
7036,2005,https://hdurand.home.xs4all.nl/
7042,2008,https://hebels.home.xs4all.nl/
7045,2004,https://hedehaas.home.xs4all.nl/
7049,2007,https://hedwin.home.xs4all.nl/
7054,2002,https://heenemc.home.xs4all.nl/
7063,2002,https://hefboom.home.xs4all.nl/
7075,1998,https://heijlige.home.xs4all.nl/
7079,2001,https://heijnbui.home.xs4all.nl/
7082,2002,https://heijzooa.home.xs4all.nl/
7084,2004,https://hein01.home.xs4all.nl/
7088,2004,https://heinis.home.xs4all.nl/
7091,2011,https://heinv.home.xs4all.nl/
7093,2001,https://hejoly.home.xs4all.nl/
7095,2007,https://hekelaar.home.xs4all.nl/
7105,2017,https://heliscan.home.xs4all.nl/
7113,2006,https://help86.home.xs4all.nl/
7122,2001,https://hendrife.home.xs4all.nl/
7124,2002,https://hendrik2.home.xs4all.nl/
7131,2000,https://henkb.home.xs4all.nl/
7151,2003,https://henri4.home.xs4all.nl/
7162,2008,https://herbertr.home.xs4all.nl/
7176,2002,https://hermanx.home.xs4all.nl/
7180,2002,https://hermio.home.xs4all.nl/
7209,2003,https://heugski.home.xs4all.nl/
7230,2002,https://hfamilie.home.xs4all.nl/
7234,1999,https://hferwer.home.xs4all.nl/
7241,2004,https://hgeus.home.xs4all.nl/
7252,2017,https://hhayes.home.xs4all.nl/
7256,2004,https://hhf.home.xs4all.nl/
7274,2003,https://hiblom.home.xs4all.nl/
7279,2003,https://hiermeer.home.xs4all.nl/
7282,2004,https://highspee.home.xs4all.nl/
7292,1997,https://hiljo.home.xs4all.nl/
7293,2013,https://hillbmen.home.xs4all.nl/
7297,2001,https://hilwaal.home.xs4all.nl/
7302,2002,https://hinklweb.home.xs4all.nl/
7303,2001,https://hip.home.xs4all.nl/
7319,2003,https://hjelderm.home.xs4all.nl/
7321,2018,https://hjetten.home.xs4all.nl/
7332,2001,https://hjsmit.home.xs4all.nl/
7336,2003,https://hjw.home.xs4all.nl/
7356,2002,https://hkuiper.home.xs4all.nl/
7358,2000,https://hkwad.home.xs4all.nl/
7366,2012,https://hl.home.xs4all.nl/
7359,2006,https://hlcc.home.xs4all.nl/
7361,1999,https://hlesmana.home.xs4all.nl/
7364,1997,https://hlheuff.home.xs4all.nl/
7372,2000,https://hmah.home.xs4all.nl/
7387,1999,https://hmn.home.xs4all.nl/
7388,2000,https://hmock.home.xs4all.nl/
7393,2019,https://hneel.home.xs4all.nl/
7394,2005,https://hnetten.home.xs4all.nl/
7407,2001,https://hoefnanl.home.xs4all.nl/
7410,1998,https://hoeijman.home.xs4all.nl/
7429,2004,https://hoffius.home.xs4all.nl/
7430,2011,https://hoffman.home.xs4all.nl/
7443,2008,https://hogendam.home.xs4all.nl/
7444,1998,https://hogenkmp.home.xs4all.nl/
7450,2000,https://hoist.home.xs4all.nl/
7466,2003,https://holwerda.home.xs4all.nl/
7476,1998,https://homenet.home.xs4all.nl/
7481,2001,https://honders1.home.xs4all.nl/
7482,2018,https://hondrac.home.xs4all.nl/
7486,2002,https://hoogenda.home.xs4all.nl/
7487,2001,https://hoogendd.home.xs4all.nl/
7500,2006,https://hooid.home.xs4all.nl/
7510,2004,https://hoostero.home.xs4all.nl/
7518,2003,https://hopmans.home.xs4all.nl/
7528,2004,https://hornstrc.home.xs4all.nl/
7529,2006,https://horowitz.home.xs4all.nl/
7543,2013,https://hott2.home.xs4all.nl/
7544,2009,https://hotze.home.xs4all.nl/
7547,2005,https://houdijk1.home.xs4all.nl/
7551,2004,https://housva.home.xs4all.nl/
7554,2007,https://houthuij.home.xs4all.nl/
7561,2004,https://houtskok.home.xs4all.nl/
7562,2002,https://houwing.home.xs4all.nl/
7606,2003,https://hrensink.home.xs4all.nl/
7614,2019,https://hrood.home.xs4all.nl/
7624,2001,https://hschip.home.xs4all.nl/
7627,2019,https://hschwirt.home.xs4all.nl/
7634,2008,https://hsol.home.xs4all.nl/
7636,2000,https://hspruijt.home.xs4all.nl/
7652,2003,https://huang01.home.xs4all.nl/
7676,2004,https://huisdeur.home.xs4all.nl/
7677,2001,https://huiskmet.home.xs4all.nl/
7680,2009,https://huison.home.xs4all.nl/
7704,2003,https://hummel69.home.xs4all.nl/
7707,2003,https://hunebeda.home.xs4all.nl/
7720,1997,https://huubs.home.xs4all.nl/
7751,2004,https://hverhey.home.xs4all.nl/
7770,2001,https://hwemolen.home.xs4all.nl/
7772,2005,https://hwerther.home.xs4all.nl/
7775,2003,https://hwhamcbi.home.xs4all.nl/
7776,2004,https://hwho.home.xs4all.nl/
7777,2019,https://hwiegman.home.xs4all.nl/
7792,2001,https://hytree.home.xs4all.nl/
7805,2004,https://ib001089.home.xs4all.nl/
7817,2004,https://ibsalem.home.xs4all.nl/
7820,2002,https://ic001004.home.xs4all.nl/
7821,2001,https://ic001005.home.xs4all.nl/
7825,2000,https://ic001016.home.xs4all.nl/
7826,2001,https://ic001017.home.xs4all.nl/
7829,2002,https://ic001022.home.xs4all.nl/
7830,2002,https://ic001024.home.xs4all.nl/
7835,2001,https://ic001032.home.xs4all.nl/
7836,2001,https://ic001040.home.xs4all.nl/
7840,2001,https://icarus2.home.xs4all.nl/
7843,2002,https://icdk.home.xs4all.nl/
7844,2001,https://iceman.home.xs4all.nl/
7853,1999,https://idaelman.home.xs4all.nl/
7854,2001,https://idcnvweb.home.xs4all.nl/
7860,2001,https://ideem.home.xs4all.nl/
7863,1997,https://idefixe.home.xs4all.nl/
7868,2000,https://idfa.home.xs4all.nl/
7879,2011,https://ietjes.home.xs4all.nl/
7888,2001,https://ihb.home.xs4all.nl/
7890,1998,https://ijanmaat.home.xs4all.nl/
7895,2004,https://ikanters.home.xs4all.nl/
7901,2004,https://iks.home.xs4all.nl/
7902,2010,https://iksih.home.xs4all.nl/
7906,2002,https://ildv.home.xs4all.nl/
7909,2019,https://ilja.home.xs4all.nl/
7912,1998,https://ilm.home.xs4all.nl/
7914,2000,https://ilsbl001.home.xs4all.nl/
7922,1999,https://imara7.home.xs4all.nl/
7926,1997,https://imca.home.xs4all.nl/
7932,2002,https://imijling.home.xs4all.nl/
7935,2001,https://immocons.home.xs4all.nl/
7937,1999,https://imsep.home.xs4all.nl/
7991,2019,https://in.home.xs4all.nl/
7942,2001,https://inc98.home.xs4all.nl/
7946,2001,https://incento.home.xs4all.nl/
7947,2003,https://incoma.home.xs4all.nl/
7950,2014,https://indorock.home.xs4all.nl/
7959,1997,https://inekek.home.xs4all.nl/
7966,1999,https://infaccom.home.xs4all.nl/
7973,2001,https://infra.home.xs4all.nl/
7977,2016,https://ingel.home.xs4all.nl/
7994,1998,https://inimini.home.xs4all.nl/
7995,2000,https://initial2.home.xs4all.nl/
7999,2001,https://inne.home.xs4all.nl/
8013,2012,https://insert2.home.xs4all.nl/
8014,2001,https://insignia.home.xs4all.nl/
8022,2002,https://integral.home.xs4all.nl/
8031,2000,https://inter.home.xs4all.nl/
8032,2000,https://intersig.home.xs4all.nl/
8036,1999,https://intes.home.xs4all.nl/
8037,2001,https://intesweb.home.xs4all.nl/
8039,2001,https://intrave2.home.xs4all.nl/
8042,2000,https://intrgard.home.xs4all.nl/
8043,2000,https://intrtest.home.xs4all.nl/
8045,2004,https://intuitie.home.xs4all.nl/
8050,2000,https://ioport.home.xs4all.nl/
8058,2000,https://ip.home.xs4all.nl/
8055,2019,https://ipenburg.home.xs4all.nl/
8056,2000,https://ipes.home.xs4all.nl/
8060,2003,https://ippc.home.xs4all.nl/
8065,2006,https://irism.home.xs4all.nl/
8066,2002,https://irissoft.home.xs4all.nl/
8067,2008,https://irma3.home.xs4all.nl/
8079,2019,https://ish.home.xs4all.nl/
8081,2014,https://isjaisja.home.xs4all.nl/
8082,2009,https://islam.home.xs4all.nl/
8086,1999,https://isopro.home.xs4all.nl/
8091,2008,https://istang.home.xs4all.nl/
8095,2000,https://itaa.home.xs4all.nl/
8099,2003,https://itasgk.home.xs4all.nl/
8108,2002,https://itfits.home.xs4all.nl/
8111,2004,https://ithomas.home.xs4all.nl/
8112,2013,https://itisme.home.xs4all.nl/
8116,1999,https://itmsorg.home.xs4all.nl/
8118,2000,https://itrade.home.xs4all.nl/
8121,2019,https://itsme.home.xs4all.nl/
8122,2007,https://itsmeton.home.xs4all.nl/
8123,2003,https://ivarmir.home.xs4all.nl/
8124,2012,https://ivbelzen.home.xs4all.nl/
8133,2002,https://ivohar.home.xs4all.nl/
8150,2003,https://iyj.home.xs4all.nl/
8162,1998,https://jaapmiep.home.xs4all.nl/
8163,2000,https://jaapvv.home.xs4all.nl/
8173,2004,https://jac58.home.xs4all.nl/
8179,2003,https://jachthoo.home.xs4all.nl/
8183,2001,https://jackers.home.xs4all.nl/
8205,2002,https://jadoe.home.xs4all.nl/
8207,2003,https://jadzia.home.xs4all.nl/
8214,2003,https://jagersma.home.xs4all.nl/
8217,2012,https://jahb.home.xs4all.nl/
8221,2005,https://jajbakke.home.xs4all.nl/
8227,2004,https://jakra.home.xs4all.nl/
8234,2001,https://jamq.home.xs4all.nl/
8235,1998,https://jamy.home.xs4all.nl/
8236,2004,https://jan001.home.xs4all.nl/
8237,1999,https://janadam1.home.xs4all.nl/
8241,2012,https://janbast1.home.xs4all.nl/
8250,1997,https://janc.home.xs4all.nl/
8257,2001,https://janeb.home.xs4all.nl/
8278,2003,https://jannanne.home.xs4all.nl/
8281,2006,https://jannike.home.xs4all.nl/
8288,1999,https://janpier.home.xs4all.nl/
8291,2002,https://janrem.home.xs4all.nl/
8320,2019,https://janswaal.home.xs4all.nl/
8323,2017,https://janth.home.xs4all.nl/
8345,1998,https://jaron.home.xs4all.nl/
8349,2005,https://jasper68.home.xs4all.nl/
8365,2001,https://jb3d.home.xs4all.nl/
8370,2002,https://jbcw.home.xs4all.nl/
8374,2003,https://jbentrop.home.xs4all.nl/
8377,2004,https://jbeumer0.home.xs4all.nl/
8389,2000,https://jbnieman.home.xs4all.nl/
8399,2003,https://jbpunt.home.xs4all.nl/
8404,2002,https://jbreure.home.xs4all.nl/
8406,2008,https://jbroers.home.xs4all.nl/
8409,2003,https://jbrugge.home.xs4all.nl/
8419,2003,https://jcbergh.home.xs4all.nl/
8423,2013,https://jcdverha.home.xs4all.nl/
8430,2003,https://jcmdel.home.xs4all.nl/
8431,2014,https://jcmj5.home.xs4all.nl/
8432,2004,https://jcmulder.home.xs4all.nl/
8445,2003,https://jcvoshol.home.xs4all.nl/
8446,2015,https://jcvr.home.xs4all.nl/
8453,1999,https://jdd.home.xs4all.nl/
8458,2002,https://jdesign.home.xs4all.nl/
8459,2001,https://jdesmet.home.xs4all.nl/
8478,2003,https://jdoest.home.xs4all.nl/
8479,2003,https://jdolsma.home.xs4all.nl/
8487,2005,https://jduindam.home.xs4all.nl/
8506,2003,https://jefcolle.home.xs4all.nl/
8511,2004,https://jeilers.home.xs4all.nl/
8517,2004,https://jellegg.home.xs4all.nl/
8520,2003,https://jelmar.home.xs4all.nl/
8523,2003,https://jelpje.home.xs4all.nl/
8528,2005,https://jemmet.home.xs4all.nl/
8537,2002,https://jenner.home.xs4all.nl/
8553,2006,https://jeroenp.home.xs4all.nl/
8555,2000,https://jeroenva.home.xs4all.nl/
8559,2014,https://jeroenvu.home.xs4all.nl/
8577,2000,https://jessevb.home.xs4all.nl/
8580,2001,https://jesvelt.home.xs4all.nl/
8581,2018,https://jeta.home.xs4all.nl/
8583,2001,https://jeti.home.xs4all.nl/
8587,2001,https://jeugdth.home.xs4all.nl/
8596,2003,https://jfdebel.home.xs4all.nl/
8598,2008,https://jfeil.home.xs4all.nl/
8600,2001,https://jflorweb.home.xs4all.nl/
8604,1997,https://jfusion.home.xs4all.nl/
8605,2010,https://jgander.home.xs4all.nl/
8627,2017,https://jgsmits.home.xs4all.nl/
8643,2004,https://jheeck.home.xs4all.nl/
8646,2008,https://jheller.home.xs4all.nl/
8657,2008,https://jhjansen.home.xs4all.nl/
8672,2007,https://jimi62.home.xs4all.nl/
8676,2017,https://jippe.home.xs4all.nl/
8679,2004,https://jiska1.home.xs4all.nl/
8680,2006,https://jiske.home.xs4all.nl/
8683,2004,https://jjacobs.home.xs4all.nl/
8691,2015,https://jjbrouwe.home.xs4all.nl/
8694,2006,https://jjge.home.xs4all.nl/
8699,2006,https://jjjasper.home.xs4all.nl/
8706,2006,https://jjruiter.home.xs4all.nl/
8730,2001,https://jkocken.home.xs4all.nl/
8734,2005,https://jkop.home.xs4all.nl/
8735,2008,https://jkraak.home.xs4all.nl/
8741,1998,https://jkrygelm.home.xs4all.nl/
8742,2003,https://jkuper.home.xs4all.nl/
8743,2012,https://jl1.home.xs4all.nl/
8744,2004,https://jlaauwen.home.xs4all.nl/
8747,2003,https://jland.home.xs4all.nl/
8785,1999,https://jmhj.home.xs4all.nl/
8792,2007,https://jmm.home.xs4all.nl/
8794,1999,https://jmpublis.home.xs4all.nl/
8798,2005,https://jmsvdw.home.xs4all.nl/
8800,2005,https://jmuth.home.xs4all.nl/
8813,2019,https://jnvdlaan.home.xs4all.nl/
8815,2012,https://jnz.home.xs4all.nl/
8817,2001,https://joa.home.xs4all.nl/
8848,2001,https://johan411.home.xs4all.nl/
8849,2003,https://johan48.home.xs4all.nl/
8854,2000,https://johanlub.home.xs4all.nl/
8855,2001,https://johanr.home.xs4all.nl/
8858,2019,https://johanw.home.xs4all.nl/
8859,2002,https://johanz.home.xs4all.nl/
8872,2016,https://johnpc.home.xs4all.nl/
8889,2002,https://jolfix.home.xs4all.nl/
8891,2015,https://jolie.home.xs4all.nl/
8898,2002,https://jome.home.xs4all.nl/
8915,1999,https://jongesla.home.xs4all.nl/
8957,1998,https://joostr.home.xs4all.nl/
8958,2002,https://joostvl.home.xs4all.nl/
8970,2001,https://jor.home.xs4all.nl/
8963,2002,https://jorbons.home.xs4all.nl/
8982,1999,https://josanke.home.xs4all.nl/
8985,2011,https://josdb.home.xs4all.nl/
9001,2019,https://jossan.home.xs4all.nl/
9006,2019,https://josvg.home.xs4all.nl/
9008,2003,https://jottem.home.xs4all.nl/
9012,2005,https://jovalee.home.xs4all.nl/
9023,2003,https://jozi.home.xs4all.nl/
9022,2001,https://joziasse.home.xs4all.nl/
9030,2004,https://jpbsys.home.xs4all.nl/
9032,2002,https://jpdecann.home.xs4all.nl/
9035,1998,https://jpduffh.home.xs4all.nl/
9036,2002,https://jpeet.home.xs4all.nl/
9051,2001,https://jpmnabbe.home.xs4all.nl/
9063,2002,https://jpv.home.xs4all.nl/
9061,2006,https://jpvdblom.home.xs4all.nl/
9074,2010,https://jr.home.xs4all.nl/
9071,2005,https://jremijn.home.xs4all.nl/
9112,2002,https://js.home.xs4all.nl/
9103,2005,https://jscholte.home.xs4all.nl/
9104,2004,https://jschotan.home.xs4all.nl/
9113,2003,https://jsiemens.home.xs4all.nl/
9131,2004,https://jstgrtns.home.xs4all.nl/
9134,2002,https://jstouten.home.xs4all.nl/
9137,1998,https://jstruijk.home.xs4all.nl/
9138,1998,https://jstuip.home.xs4all.nl/
9141,2011,https://jswane.home.xs4all.nl/
9160,2010,https://jtv.home.xs4all.nl/
9163,2003,https://jubb.home.xs4all.nl/
9171,2006,https://julese.home.xs4all.nl/
9191,2000,https://justus.home.xs4all.nl/
9193,2000,https://juval.home.xs4all.nl/
9198,2004,https://jvanb.home.xs4all.nl/
9199,2004,https://jvandb.home.xs4all.nl/
9211,2009,https://jvc.home.xs4all.nl/
9210,2002,https://jvc2.home.xs4all.nl/
9230,1999,https://jvdveen.home.xs4all.nl/
9233,2003,https://jvdvlugt.home.xs4all.nl/
9234,2001,https://jvdwienl.home.xs4all.nl/
9245,2001,https://jvgtsl.home.xs4all.nl/
9261,2019,https://jvnlwn.home.xs4all.nl/
9284,2019,https://jwesterv.home.xs4all.nl/
9285,2005,https://jwgm.home.xs4all.nl/
9286,2008,https://jwh69.home.xs4all.nl/
9287,2004,https://jwiedenh.home.xs4all.nl/
9302,1998,https://jwkorver.home.xs4all.nl/
9334,2002,https://kabula.home.xs4all.nl/
9335,2002,https://kaceteon.home.xs4all.nl/
9348,2008,https://kajb.home.xs4all.nl/
9356,2008,https://kalver.home.xs4all.nl/
9360,2000,https://kamerbef.home.xs4all.nl/
9376,2005,https://kangeroe.home.xs4all.nl/
9379,2000,https://kanselab.home.xs4all.nl/
9382,2002,https://kantlweb.home.xs4all.nl/
9385,2006,https://kapiteel.home.xs4all.nl/
9387,2001,https://kappadat.home.xs4all.nl/
9389,2005,https://kapper.home.xs4all.nl/
9391,2009,https://kapteyn.home.xs4all.nl/
9400,1997,https://karin.home.xs4all.nl/
9401,2001,https://karinv.home.xs4all.nl/
9402,2005,https://karlijn.home.xs4all.nl/
9416,2019,https://kassiesa.home.xs4all.nl/
9418,2005,https://kastelen.home.xs4all.nl/
9420,2006,https://katerisa.home.xs4all.nl/
9424,2004,https://katjavdb.home.xs4all.nl/
9428,2006,https://kavel.home.xs4all.nl/
9437,2016,https://kbelder.home.xs4all.nl/
9442,2000,https://kbrummel.home.xs4all.nl/
9446,2002,https://kckw.home.xs4all.nl/
9459,2004,https://keeruu.home.xs4all.nl/
9461,2003,https://keesber.home.xs4all.nl/
9462,2000,https://keeskaan.home.xs4all.nl/
9467,2004,https://keesvdm.home.xs4all.nl/
9469,1998,https://keetman0.home.xs4all.nl/
9478,2005,https://keller.home.xs4all.nl/
9487,2016,https://kenemans.home.xs4all.nl/
9488,2001,https://kenhom.home.xs4all.nl/
9489,2001,https://kenknl.home.xs4all.nl/
9492,1998,https://kenno.home.xs4all.nl/
9493,2008,https://kenr.home.xs4all.nl/
9497,2000,https://kepecs.home.xs4all.nl/
9499,2005,https://keps0.home.xs4all.nl/
9518,2001,https://kesuweb.home.xs4all.nl/
9523,2004,https://kethel4.home.xs4all.nl/
9526,2004,https://keultjsf.home.xs4all.nl/
9538,2003,https://kfontein.home.xs4all.nl/
9540,2012,https://kgdewijn.home.xs4all.nl/
9544,2008,https://kharim.home.xs4all.nl/
9545,2004,https://kherder.home.xs4all.nl/
9549,2012,https://khooyman.home.xs4all.nl/
9556,2004,https://kick.home.xs4all.nl/
9566,2009,https://kiers.home.xs4all.nl/
9569,2004,https://kiezelen.home.xs4all.nl/
9570,2001,https://kijkwind.home.xs4all.nl/
9576,2005,https://kimkodde.home.xs4all.nl/
9589,2007,https://kirika.home.xs4all.nl/
9599,2001,https://kitwerke.home.xs4all.nl/
9601,2001,https://kixxx.home.xs4all.nl/
9606,2007,https://kjjm.home.xs4all.nl/
9614,2007,https://kkanters.home.xs4all.nl/
9619,2003,https://kkoopman.home.xs4all.nl/
9621,2004,https://kkptt.home.xs4all.nl/
9624,2008,https://klaasbil.home.xs4all.nl/
9629,2004,https://klaassch.home.xs4all.nl/
9641,2009,https://klarenpj.home.xs4all.nl/
9647,1999,https://klaver01.home.xs4all.nl/
9652,2001,https://kleblo.home.xs4all.nl/
9664,2017,https://kleipijp.home.xs4all.nl/
9671,2005,https://kleshel.home.xs4all.nl/
9678,2001,https://klikkels.home.xs4all.nl/
9680,1999,https://klimbus.home.xs4all.nl/
9689,2002,https://kljgkweb.home.xs4all.nl/
9690,2006,https://klmjc.home.xs4all.nl/
9699,2005,https://klopstrh.home.xs4all.nl/
9703,1999,https://klugt.home.xs4all.nl/
9704,2003,https://kluin0.home.xs4all.nl/
9707,2000,https://klyuen.home.xs4all.nl/
9715,2005,https://kn40.home.xs4all.nl/
9716,2001,https://knabbel.home.xs4all.nl/
9722,2003,https://knegtjs.home.xs4all.nl/
9724,2005,https://kneyber.home.xs4all.nl/
9743,2001,https://knotwilg.home.xs4all.nl/
9748,2007,https://koala.home.xs4all.nl/
9754,2001,https://kochadvo.home.xs4all.nl/
9761,2009,https://koelcel.home.xs4all.nl/
9769,2007,https://koenus.home.xs4all.nl/
9771,2000,https://koers.home.xs4all.nl/
9774,2000,https://koetse.home.xs4all.nl/
9784,2001,https://kokscate.home.xs4all.nl/
9801,2019,https://konepool.home.xs4all.nl/
9830,2014,https://koornwin.home.xs4all.nl/
9834,2014,https://koos.home.xs4all.nl/
9846,2001,https://korenopj.home.xs4all.nl/
9852,2009,https://korntner.home.xs4all.nl/
9889,2002,https://kozzmozz.home.xs4all.nl/
9893,2000,https://kpijnenb.home.xs4all.nl/
9894,2000,https://kpk24.home.xs4all.nl/
9925,2003,https://kranswaa.home.xs4all.nl/
9934,1998,https://kresam.home.xs4all.nl/
9949,2015,https://krom4.home.xs4all.nl/
9963,2000,https://krott.home.xs4all.nl/
9968,2019,https://kruijffd.home.xs4all.nl/
9982,2003,https://ksmit.home.xs4all.nl/
9988,2006,https://ktl.home.xs4all.nl/
9990,2008,https://ktutein.home.xs4all.nl/
9997,2004,https://kuilman.home.xs4all.nl/
10004,1998,https://kuipers.home.xs4all.nl/
10010,2003,https://kung.home.xs4all.nl/
10014,2000,https://kunstk.home.xs4all.nl/
10042,2004,https://kvrolijk.home.xs4all.nl/
10050,2012,https://kwaak99.home.xs4all.nl/
10061,1998,https://kwipra.home.xs4all.nl/
10073,2001,https://laarban.home.xs4all.nl/
10082,1999,https://labohm.home.xs4all.nl/
10091,2001,https://ladhani.home.xs4all.nl/
10093,2007,https://lagema.home.xs4all.nl/
10096,2005,https://lagos42.home.xs4all.nl/
10097,2002,https://laguna.home.xs4all.nl/
10099,2009,https://laika.home.xs4all.nl/
10098,2002,https://laika1.home.xs4all.nl/
10115,2005,https://lam.home.xs4all.nl/
10111,2002,https://lambert2.home.xs4all.nl/
3314,2002,https://lamsma.home.xs4all.nl/
10130,2019,https://langbrom.home.xs4all.nl/
10131,2015,https://lange01.home.xs4all.nl/
10155,1998,https://larena.home.xs4all.nl/
10164,1999,https://lasystem.home.xs4all.nl/
10187,2015,https://lba.home.xs4all.nl/
10189,2000,https://lbbv.home.xs4all.nl/
10193,2003,https://lbisscho.home.xs4all.nl/
10217,2010,https://ldp.home.xs4all.nl/
10221,2004,https://leanglea.home.xs4all.nl/
10244,2003,https://leeuwen7.home.xs4all.nl/
10248,2001,https://leeuwtr.home.xs4all.nl/
10251,2001,https://lefevre.home.xs4all.nl/
10256,2002,https://leiden1.home.xs4all.nl/
10267,2006,https://leligo.home.xs4all.nl/
10270,2004,https://lely.home.xs4all.nl/
10279,2019,https://lennartb.home.xs4all.nl/
10284,2004,https://leomous.home.xs4all.nl/
10286,2004,https://leonarde.home.xs4all.nl/
10288,2008,https://leonc.home.xs4all.nl/
10291,2004,https://leonneke.home.xs4all.nl/
10295,2001,https://leotax.home.xs4all.nl/
10299,1998,https://leovdm.home.xs4all.nl/
5625,2002,https://lepur.home.xs4all.nl/
10304,2001,https://lerenkle.home.xs4all.nl/
10305,2010,https://lesaumon.home.xs4all.nl/
10306,2004,https://lesber.home.xs4all.nl/
10309,2001,https://letsel.home.xs4all.nl/
10312,2000,https://leuridan.home.xs4all.nl/
10319,1998,https://levo.home.xs4all.nl/
10325,1999,https://lexmaat.home.xs4all.nl/
10326,2003,https://lexthuis.home.xs4all.nl/
10355,2001,https://liesbos.home.xs4all.nl/
10381,1998,https://linbor.home.xs4all.nl/
10390,2007,https://lindner1.home.xs4all.nl/
10396,2002,https://linkbe.home.xs4all.nl/
10398,2010,https://linlist.home.xs4all.nl/
10402,2001,https://linssen.home.xs4all.nl/
10401,1997,https://linssen4.home.xs4all.nl/
10407,2003,https://lipado.home.xs4all.nl/
10409,2001,https://lipstick.home.xs4all.nl/
10429,2003,https://lkfv.home.xs4all.nl/
10447,2009,https://lmr.home.xs4all.nl/
10450,2003,https://lmvantol.home.xs4all.nl/
10456,2000,https://lobbes.home.xs4all.nl/
10460,2001,https://localit.home.xs4all.nl/
10462,2001,https://locomotj.home.xs4all.nl/
10465,2002,https://lodecoen.home.xs4all.nl/
10469,2009,https://loefmc.home.xs4all.nl/
10471,1997,https://loek.home.xs4all.nl/
10470,1998,https://loekbor.home.xs4all.nl/
10479,1999,https://loggere.home.xs4all.nl/
10481,2000,https://logica1.home.xs4all.nl/
10489,2016,https://lohmanhf.home.xs4all.nl/
10492,2005,https://lohuis12.home.xs4all.nl/
10495,1999,https://lolasolo.home.xs4all.nl/
10503,2000,https://loodzet.home.xs4all.nl/
10508,2008,https://loomkes.home.xs4all.nl/
10514,2004,https://looye.home.xs4all.nl/
10520,1999,https://loser.home.xs4all.nl/
10525,2003,https://louisdre.home.xs4all.nl/
10531,2006,https://lourens.home.xs4all.nl/
10541,2002,https://love.home.xs4all.nl/
10544,2003,https://loxcom.home.xs4all.nl/
10559,1998,https://lreuser.home.xs4all.nl/
10564,2018,https://lrovers.home.xs4all.nl/
10568,2004,https://lsmiers.home.xs4all.nl/
10573,1999,https://ltdo.home.xs4all.nl/
10583,2003,https://lucasrem.home.xs4all.nl/
10585,1998,https://lucasvdm.home.xs4all.nl/
10587,2001,https://luchtbal.home.xs4all.nl/
10590,2001,https://lucmook.home.xs4all.nl/
10601,2001,https://lujaweb.home.xs4all.nl/
10602,2007,https://lukas.home.xs4all.nl/
10603,2008,https://lukassch.home.xs4all.nl/
10609,2003,https://lunatix.home.xs4all.nl/
10620,2013,https://luukb.home.xs4all.nl/
10632,2019,https://lva.home.xs4all.nl/
10634,2003,https://lvdassem.home.xs4all.nl/
10635,1998,https://lvdm.home.xs4all.nl/
10653,2006,https://lysymy.home.xs4all.nl/
10655,1998,https://m10.home.xs4all.nl/
10660,2015,https://m2vdwerf.home.xs4all.nl/
10661,2004,https://m3com.home.xs4all.nl/
10662,2006,https://m4b.home.xs4all.nl/
10665,2010,https://maa2.home.xs4all.nl/
10671,2004,https://maarbart.home.xs4all.nl/
10674,2005,https://maartenf.home.xs4all.nl/
10675,2002,https://maartenk.home.xs4all.nl/
10680,2004,https://maartv.home.xs4all.nl/
10685,2019,https://maas.home.xs4all.nl/
10682,2005,https://maasen.home.xs4all.nl/
10683,2006,https://maash.home.xs4all.nl/
10684,2003,https://maashoek.home.xs4all.nl/
10689,2002,https://maassen.home.xs4all.nl/
10692,2001,https://mabcouwe.home.xs4all.nl/
10695,2009,https://mabruin.home.xs4all.nl/
10703,2003,https://machula.home.xs4all.nl/
10718,2009,https://madge.home.xs4all.nl/
10719,2003,https://madieval.home.xs4all.nl/
10723,2001,https://madrid.home.xs4all.nl/
10728,2003,https://maduropa.home.xs4all.nl/
10729,2004,https://madwil.home.xs4all.nl/
10738,2003,https://magevesa.home.xs4all.nl/
10749,2000,https://mai.home.xs4all.nl/
10751,2004,https://maikel.home.xs4all.nl/
10750,1998,https://maikelg.home.xs4all.nl/
10752,2002,https://maiko.home.xs4all.nl/
10755,2005,https://mail2yov.home.xs4all.nl/
10756,2003,https://mail4bas.home.xs4all.nl/
10761,2000,https://maintasc.home.xs4all.nl/
10762,2002,https://maitrean.home.xs4all.nl/
10770,1998,https://majumdar.home.xs4all.nl/
10771,2000,https://makel01.home.xs4all.nl/
10786,2010,https://mambaum.home.xs4all.nl/
10790,2001,https://manate.home.xs4all.nl/
10799,2001,https://mandys.home.xs4all.nl/
10800,2001,https://manegejo.home.xs4all.nl/
10801,2000,https://manfaz88.home.xs4all.nl/
15074,2002,https://manuskow.home.xs4all.nl/
10831,2000,https://marcant.home.xs4all.nl/
10832,2000,https://marcb.home.xs4all.nl/
10837,2008,https://marcelf.home.xs4all.nl/
18838,2002,https://marceln.home.xs4all.nl/
10839,2007,https://marcelo7.home.xs4all.nl/
10843,2005,https://marcjvos.home.xs4all.nl/
10848,2016,https://marcmarc.home.xs4all.nl/
10855,2005,https://marcolin.home.xs4all.nl/
10857,2008,https://marcoq.home.xs4all.nl/
10860,2000,https://marcovdb.home.xs4all.nl/
10864,2002,https://marcv1.home.xs4all.nl/
10872,2004,https://marel.home.xs4all.nl/
10873,2004,https://margadh.home.xs4all.nl/
10880,2019,https://marianta.home.xs4all.nl/
10886,2000,https://marijkev.home.xs4all.nl/
10891,1998,https://mario.home.xs4all.nl/
10901,2001,https://marjo2.home.xs4all.nl/
10903,2009,https://marjonne.home.xs4all.nl/
10904,2015,https://marjud41.home.xs4all.nl/
10907,1997,https://marker.home.xs4all.nl/
10909,2005,https://markgro.home.xs4all.nl/
10914,1999,https://marklo.home.xs4all.nl/
10922,2008,https://marksix.home.xs4all.nl/
10928,2000,https://markvh.home.xs4all.nl/
10932,2001,https://marliesf.home.xs4all.nl/
10940,2000,https://marno.home.xs4all.nl/
10944,2004,https://marobeh.home.xs4all.nl/
10945,2003,https://marobslz.home.xs4all.nl/
10946,2002,https://maroen.home.xs4all.nl/
10952,2003,https://marro.home.xs4all.nl/
10966,1998,https://marten.home.xs4all.nl/
10973,2005,https://martie.home.xs4all.nl/
10974,1999,https://martijnl.home.xs4all.nl/
10976,2008,https://martin5.home.xs4all.nl/
10977,2003,https://martin64.home.xs4all.nl/
10980,2003,https://martinbm.home.xs4all.nl/
10990,2004,https://martinuu.home.xs4all.nl/
10991,2005,https://martinv.home.xs4all.nl/
10998,2002,https://martvegt.home.xs4all.nl/
11004,2019,https://maryniak.home.xs4all.nl/
11008,2004,https://mascotte.home.xs4all.nl/
11027,2003,https://mathfox.home.xs4all.nl/
11028,2000,https://mathies.home.xs4all.nl/
11043,2008,https://matthieu.home.xs4all.nl/
11051,1997,https://mauerpow.home.xs4all.nl/
11052,1997,https://maui.home.xs4all.nl/
11058,2000,https://maurices.home.xs4all.nl/
11062,2005,https://mavanet.home.xs4all.nl/
11071,2005,https://maxb.home.xs4all.nl/
11072,2003,https://maxdsl.home.xs4all.nl/
11079,2018,https://mayday.home.xs4all.nl/
11081,2003,https://mayim.home.xs4all.nl/
11094,2012,https://mbclassi.home.xs4all.nl/
11095,2001,https://mbcolleg.home.xs4all.nl/
11100,2001,https://mbermon.home.xs4all.nl/
11118,2005,https://mbos.home.xs4all.nl/
11126,2005,https://mburer.home.xs4all.nl/
11132,2003,https://mcdj.home.xs4all.nl/
11144,2001,https://mcmarc.home.xs4all.nl/
11145,1999,https://mcmfoods.home.xs4all.nl/
11158,2000,https://mdc.home.xs4all.nl/
11164,2004,https://mdeheer.home.xs4all.nl/
11166,2001,https://mdemooij.home.xs4all.nl/
11181,2000,https://mdp400.home.xs4all.nl/
11197,1999,https://mechanix.home.xs4all.nl/
11209,2001,https://medi.home.xs4all.nl/
11210,2004,https://medusa.home.xs4all.nl/
11214,2003,https://meer03.home.xs4all.nl/
11215,2001,https://meerburg.home.xs4all.nl/
11222,2009,https://meervank.home.xs4all.nl/
11230,2007,https://meeuwenc.home.xs4all.nl/
11237,2004,https://meij10.home.xs4all.nl/
11238,2006,https://meijer0.home.xs4all.nl/
11254,2003,https://meldrum.home.xs4all.nl/
11256,2000,https://meleo.home.xs4all.nl/
11258,2002,https://melissa.home.xs4all.nl/
11263,2000,https://mellie.home.xs4all.nl/
11279,2013,https://menken.home.xs4all.nl/
11293,2000,https://mentjah.home.xs4all.nl/
11295,2003,https://mep.home.xs4all.nl/
11298,1998,https://mercadam.home.xs4all.nl/
11305,2000,https://merkelb.home.xs4all.nl/
11306,2001,https://merkpoel.home.xs4all.nl/
11309,2002,https://merlijn1.home.xs4all.nl/
11312,2002,https://mertens.home.xs4all.nl/
11319,2002,https://messcheg.home.xs4all.nl/
11333,2002,https://meultjes.home.xs4all.nl/
11338,2004,https://mevrmj.home.xs4all.nl/
11339,1998,https://meyboom0.home.xs4all.nl/
11345,2002,https://mf.home.xs4all.nl/
11342,2002,https://mfaas.home.xs4all.nl/
11346,2004,https://mfiedler.home.xs4all.nl/
11351,2017,https://mfvl.home.xs4all.nl/
11360,2005,https://mginkelv.home.xs4all.nl/
11380,2001,https://mhbhoutn.home.xs4all.nl/
11401,2002,https://mhsbv98.home.xs4all.nl/
11407,1999,https://mhulsman.home.xs4all.nl/
11409,1999,https://mhuyts.home.xs4all.nl/
11412,2002,https://mhvdb.home.xs4all.nl/
11416,2005,https://michael.home.xs4all.nl/
11422,2002,https://michelcu.home.xs4all.nl/
11432,2001,https://michielm.home.xs4all.nl/
11437,2001,https://microfle.home.xs4all.nl/
11445,2005,https://midia.home.xs4all.nl/
11449,2003,https://midmail.home.xs4all.nl/
11450,2002,https://midnighu.home.xs4all.nl/
11452,1998,https://midtown.home.xs4all.nl/
11453,2003,https://midwives.home.xs4all.nl/
11460,2002,https://miepmieq.home.xs4all.nl/
11465,2003,https://mig21.home.xs4all.nl/
11483,1999,https://mikel0.home.xs4all.nl/
11485,2000,https://mikevdl.home.xs4all.nl/
11496,2009,https://milou.home.xs4all.nl/
11497,2002,https://miloupct.home.xs4all.nl/
11500,2016,https://mimi.home.xs4all.nl/
11501,2002,https://mimlotje.home.xs4all.nl/
11502,2005,https://mimpen.home.xs4all.nl/
11507,2001,https://minkenl.home.xs4all.nl/
11528,2004,https://misha.home.xs4all.nl/
11530,2006,https://missgien.home.xs4all.nl/
11548,2003,https://mjjp.home.xs4all.nl/
11552,2006,https://mjk.home.xs4all.nl/
11550,2016,https://mjkenter.home.xs4all.nl/
11579,2012,https://mkdjoost.home.xs4all.nl/
11582,2007,https://mkennis.home.xs4all.nl/
11586,2004,https://mkl96.home.xs4all.nl/
11596,1997,https://mkosian.home.xs4all.nl/
11600,2012,https://mkropman.home.xs4all.nl/
11608,1999,https://mlafeber.home.xs4all.nl/
11610,2001,https://mlange.home.xs4all.nl/
11623,2003,https://mlingua.home.xs4all.nl/
11626,2004,https://mlngveld.home.xs4all.nl/
11636,2001,https://mluttik.home.xs4all.nl/
11651,2001,https://mmgalloo.home.xs4all.nl/
11665,2001,https://mmoss.home.xs4all.nl/
11670,2004,https://mmtwienh.home.xs4all.nl/
11680,2003,https://mnijholt.home.xs4all.nl/
11693,2007,https://moens4.home.xs4all.nl/
11701,2003,https://mohrmann.home.xs4all.nl/
11714,2013,https://molware.home.xs4all.nl/
11716,2001,https://moment0.home.xs4all.nl/
11718,2001,https://monart.home.xs4all.nl/
11723,2003,https://moniiq.home.xs4all.nl/
11729,2003,https://monk.home.xs4all.nl/
11727,2001,https://monkarch.home.xs4all.nl/
11742,1997,https://moonbasf.home.xs4all.nl/
11752,2019,https://morepork.home.xs4all.nl/
11758,2000,https://morii.home.xs4all.nl/
11760,2005,https://morph.home.xs4all.nl/
11764,1998,https://morty.home.xs4all.nl/
11789,1998,https://mowafaq.home.xs4all.nl/
11790,2003,https://mozart56.home.xs4all.nl/
11792,2000,https://mozoom.home.xs4all.nl/
11798,2001,https://mpdeboer.home.xs4all.nl/
11803,1997,https://mpesce.home.xs4all.nl/
11806,2000,https://mpieter.home.xs4all.nl/
11813,1998,https://mploeg.home.xs4all.nl/
11816,2000,https://mpok.home.xs4all.nl/
11834,2004,https://mrdocter.home.xs4all.nl/
11850,2003,https://mrits.home.xs4all.nl/
11859,2006,https://mroot.home.xs4all.nl/
11865,2000,https://mrr.home.xs4all.nl/
11892,1998,https://ms.home.xs4all.nl/
11874,2006,https://msaivko.home.xs4all.nl/
11875,2001,https://mschagen.home.xs4all.nl/
11893,2003,https://mshop.home.xs4all.nl/
11902,2004,https://msmp.home.xs4all.nl/
11921,1998,https://mswidde.home.xs4all.nl/
11927,2001,https://mtcweb.home.xs4all.nl/
11941,2002,https://mtrapman.home.xs4all.nl/
11942,2017,https://mtsavt.home.xs4all.nl/
11945,2003,https://mu11er.home.xs4all.nl/
11964,2017,https://mulderjp.home.xs4all.nl/
11974,1998,https://multex.home.xs4all.nl/
11980,1999,https://multimix.home.xs4all.nl/
11981,2003,https://multiple.home.xs4all.nl/
11998,2002,https://museum1.home.xs4all.nl/
12000,1998,https://musicmac.home.xs4all.nl/
12003,2012,https://musicus.home.xs4all.nl/
12008,2000,https://muusyzer.home.xs4all.nl/
12014,2016,https://mvalen.home.xs4all.nl/
12024,2003,https://mvbeelen.home.xs4all.nl/
12040,2000,https://mvdvelde.home.xs4all.nl/
12045,2000,https://mverhoef.home.xs4all.nl/
12049,2003,https://mverkui.home.xs4all.nl/
12050,2007,https://mvessen.home.xs4all.nl/
12051,2003,https://mvfaasse.home.xs4all.nl/
12055,2004,https://mvleeuw.home.xs4all.nl/
12069,2002,https://mvroon.home.xs4all.nl/
12072,2000,https://mvulden.home.xs4all.nl/
12089,2002,https://mwfloet.home.xs4all.nl/
12104,1998,https://mwmundt.home.xs4all.nl/
12108,2005,https://mwpk.home.xs4all.nl/
12115,2001,https://mylle.home.xs4all.nl/
12116,2000,https://myllesec.home.xs4all.nl/
12118,2015,https://myranya.home.xs4all.nl/
12129,2001,https://n2d.home.xs4all.nl/
12136,2001,https://naam.home.xs4all.nl/
12158,2000,https://nanonano.home.xs4all.nl/
12162,2001,https://nassaufa.home.xs4all.nl/
12169,2001,https://nautilus.home.xs4all.nl/
12172,2001,https://navenava.home.xs4all.nl/
12177,2007,https://nbd.home.xs4all.nl/
12178,2001,https://nberg.home.xs4all.nl/
12179,2001,https://nbf00027.home.xs4all.nl/
12183,2000,https://nbrussee.home.xs4all.nl/
12197,1999,https://ndit.home.xs4all.nl/
12198,2001,https://ndoornhn.home.xs4all.nl/
12203,2005,https://nederend.home.xs4all.nl/
12207,2009,https://neels.home.xs4all.nl/
12210,1998,https://neeuwbal.home.xs4all.nl/
12216,2000,https://neldel.home.xs4all.nl/
12219,1998,https://nelwil.home.xs4all.nl/
12220,2002,https://neontime.home.xs4all.nl/
12222,2001,https://neptunus.home.xs4all.nl/
12223,1998,https://nerd.home.xs4all.nl/
12235,2014,https://netty2.home.xs4all.nl/
12239,2002,https://netwvla.home.xs4all.nl/
12241,1999,https://netxsbel.home.xs4all.nl/
12243,2004,https://neurochi.home.xs4all.nl/
12248,2001,https://nevellnd.home.xs4all.nl/
12259,1999,https://newyear.home.xs4all.nl/
12264,2003,https://nfeyter.home.xs4all.nl/
12329,2005,https://ni.home.xs4all.nl/
12271,2001,https://niamut.home.xs4all.nl/
12278,2008,https://nickos.home.xs4all.nl/
12302,2003,https://niels.home.xs4all.nl/
12322,1998,https://nieuwp.home.xs4all.nl/
12325,2004,https://niff.home.xs4all.nl/
12339,2003,https://nijsten.home.xs4all.nl/
12352,2003,https://nintes.home.xs4all.nl/
12359,2001,https://nivard.home.xs4all.nl/
12378,2019,https://nl9222.home.xs4all.nl/
12384,2002,https://nlpvf2.home.xs4all.nl/
12394,2001,https://nniemann.home.xs4all.nl/
12395,2000,https://nnship.home.xs4all.nl/
12399,2001,https://nob.home.xs4all.nl/
12401,2002,https://nocolors.home.xs4all.nl/
12409,2006,https://nojes.home.xs4all.nl/
12412,2000,https://nollie.home.xs4all.nl/
12420,2008,https://nondes.home.xs4all.nl/
12421,2008,https://nonhebel.home.xs4all.nl/
12430,2003,https://nookywit.home.xs4all.nl/
12434,2012,https://noordeme.home.xs4all.nl/
12442,2002,https://noordzy.home.xs4all.nl/
12451,2006,https://norabv.home.xs4all.nl/
12452,2002,https://nordenne.home.xs4all.nl/
12458,2000,https://nota.home.xs4all.nl/
12462,2001,https://notime.home.xs4all.nl/
12463,2019,https://notnot.home.xs4all.nl/
12467,2000,https://nouwen.home.xs4all.nl/
12473,2005,https://nozy.home.xs4all.nl/
12478,2004,https://nreijers.home.xs4all.nl/
12480,1999,https://nrth.home.xs4all.nl/
12506,1999,https://nvge.home.xs4all.nl/
12514,1998,https://nwnbd.home.xs4all.nl/
12519,2005,https://nynke.home.xs4all.nl/
12525,2002,https://obar.home.xs4all.nl/
12532,2003,https://obr.home.xs4all.nl/
12543,1997,https://ocl.home.xs4all.nl/
12547,2006,https://octopus.home.xs4all.nl/
12559,1999,https://odyssey.home.xs4all.nl/
12560,2012,https://oene.home.xs4all.nl/
12562,2008,https://oertijd.home.xs4all.nl/
12567,1998,https://offis.home.xs4all.nl/
12569,2016,https://offri056.home.xs4all.nl/
12578,2001,https://oh.home.xs4all.nl/
12582,1998,https://oivomemo.home.xs4all.nl/
12586,2009,https://okbr.home.xs4all.nl/
12588,2008,https://okke.home.xs4all.nl/
12591,2001,https://olaf.home.xs4all.nl/
12598,1999,https://oldeheu.home.xs4all.nl/
12612,2008,https://ollivier.home.xs4all.nl/
12626,2000,https://omnidal.home.xs4all.nl/
12630,2000,https://omslag.home.xs4all.nl/
12631,2003,https://omv.home.xs4all.nl/
12636,2006,https://onelbeem.home.xs4all.nl/
12640,2003,https://online1.home.xs4all.nl/
12642,2002,https://onnov.home.xs4all.nl/
12643,2007,https://onnoz.home.xs4all.nl/
12644,2006,https://onsadres.home.xs4all.nl/
12648,2003,https://onwijcom.home.xs4all.nl/
12649,2004,https://onyx0.home.xs4all.nl/
12653,1998,https://ookhoi.home.xs4all.nl/
12655,2005,https://oomen.home.xs4all.nl/
12656,2008,https://oomkes.home.xs4all.nl/
12657,2013,https://ooms.home.xs4all.nl/
12665,2007,https://oost.home.xs4all.nl/
12677,2002,https://opheij.home.xs4all.nl/
12678,2008,https://ophvb.home.xs4all.nl/
12682,2002,https://oppem.home.xs4all.nl/
12692,1998,https://orbion.home.xs4all.nl/
12693,2000,https://orbis2.home.xs4all.nl/
12700,2004,https://orcl0096.home.xs4all.nl/
12719,2001,https://ordalweb.home.xs4all.nl/
12722,2003,https://orgon.home.xs4all.nl/
12726,2003,https://orme.home.xs4all.nl/
12728,1997,https://oro.home.xs4all.nl/
12739,2003,https://os.home.xs4all.nl/
12741,2001,https://osond.home.xs4all.nl/
12742,2002,https://ossactr.home.xs4all.nl/
12773,2003,https://oudhol.home.xs4all.nl/
12778,2016,https://ouwerkrj.home.xs4all.nl/
12793,2002,https://ovu.home.xs4all.nl/
12795,2003,https://owiersma.home.xs4all.nl/
12798,1998,https://ox.home.xs4all.nl/
12797,1999,https://oxfamww.home.xs4all.nl/
12799,2005,https://ozky.home.xs4all.nl/
12803,2001,https://p8r.home.xs4all.nl/
12808,2011,https://pa0nzh.home.xs4all.nl/
12809,2016,https://pa0wv.home.xs4all.nl/
12812,2003,https://pa1rhq.home.xs4all.nl/
12814,2005,https://pa2f.home.xs4all.nl/
12816,2001,https://pa3hdy.home.xs4all.nl/
12819,2004,https://paal69.home.xs4all.nl/
12824,2019,https://paauwrcm.home.xs4all.nl/
12833,1999,https://padburgh.home.xs4all.nl/
12849,2004,https://pal.home.xs4all.nl/
12855,2003,https://palmo.home.xs4all.nl/
12861,2002,https://panamanl.home.xs4all.nl/
12863,2002,https://pandd.home.xs4all.nl/
12864,1999,https://pander.home.xs4all.nl/
12865,1999,https://pandor.home.xs4all.nl/
12866,2002,https://panduran.home.xs4all.nl/
12869,2003,https://pannennl.home.xs4all.nl/
12873,2001,https://pansweb.home.xs4all.nl/
12880,1997,https://pappel.home.xs4all.nl/
12888,2000,https://paraston.home.xs4all.nl/
12893,2004,https://parim.home.xs4all.nl/
12898,2000,https://partya.home.xs4all.nl/
12899,2001,https://pasa.home.xs4all.nl/
12903,2019,https://paschali.home.xs4all.nl/
12910,1999,https://patelier.home.xs4all.nl/
12915,2004,https://patnic.home.xs4all.nl/
12921,1997,https://patriot.home.xs4all.nl/
12922,2006,https://patto1ro.home.xs4all.nl/
12923,2001,https://patvg.home.xs4all.nl/
12934,2008,https://paulenzo.home.xs4all.nl/
12941,2001,https://paulix.home.xs4all.nl/
12942,2000,https://paulj.home.xs4all.nl/
12943,2004,https://pauljunk.home.xs4all.nl/
12948,2003,https://pauluzzz.home.xs4all.nl/
12949,2004,https://paulvand.home.xs4all.nl/
12951,2005,https://paulvdb.home.xs4all.nl/
12961,2004,https://pavanij.home.xs4all.nl/
12980,2003,https://pbeurope.home.xs4all.nl/
12982,2002,https://pbibv.home.xs4all.nl/
12983,2005,https://pboer.home.xs4all.nl/
12987,1999,https://pbouwens.home.xs4all.nl/
13009,2005,https://pclemenu.home.xs4all.nl/
13011,2017,https://pcman.home.xs4all.nl/
13025,2008,https://pcv.home.xs4all.nl/
13024,2012,https://pcvdklis.home.xs4all.nl/
13026,2006,https://pcvos.home.xs4all.nl/
13029,2003,https://pcw.home.xs4all.nl/
13035,2002,https://pdeboer.home.xs4all.nl/
13052,2007,https://pdk.home.xs4all.nl/
13054,1998,https://pdloose.home.xs4all.nl/
13056,2012,https://pdtrg39.home.xs4all.nl/
13058,2013,https://pdukker.home.xs4all.nl/
13059,2006,https://pdvsfh.home.xs4all.nl/
13072,2003,https://pear.home.xs4all.nl/
13078,1998,https://pedicure.home.xs4all.nl/
13085,2007,https://peer2s.home.xs4all.nl/
13090,1997,https://peett.home.xs4all.nl/
13091,1997,https://peettt.home.xs4all.nl/
13098,2002,https://pehlwaan.home.xs4all.nl/
13108,2004,https://pelvis.home.xs4all.nl/
13111,2008,https://pemetz.home.xs4all.nl/
13113,2003,https://penclub.home.xs4all.nl/
13124,2004,https://pepdek.home.xs4all.nl/
13127,2003,https://pepmail.home.xs4all.nl/
13131,2001,https://peqinio.home.xs4all.nl/
13136,2003,https://per.home.xs4all.nl/
13135,2001,https://perfekt1.home.xs4all.nl/
13138,2004,https://perjas.home.xs4all.nl/
13141,2007,https://peromemi.home.xs4all.nl/
13143,2004,https://persbook.home.xs4all.nl/
13145,2002,https://petcauwe.home.xs4all.nl/
13151,2004,https://peter.home.xs4all.nl/
13149,1999,https://peterdao.home.xs4all.nl/
13153,1999,https://peterk.home.xs4all.nl/
13157,2014,https://peterp.home.xs4all.nl/
13158,2006,https://peterpm.home.xs4all.nl/
13162,1999,https://peterrij.home.xs4all.nl/
13187,2007,https://pewi.home.xs4all.nl/
13197,2001,https://pfs.home.xs4all.nl/
13203,2004,https://pgbbob.home.xs4all.nl/
13211,2000,https://pgns.home.xs4all.nl/
13232,2004,https://phelsuma.home.xs4all.nl/
13240,2004,https://philg.home.xs4all.nl/
18848,2001,https://philow.home.xs4all.nl/
13265,2002,https://pianoles.home.xs4all.nl/
13267,2002,https://picaflor.home.xs4all.nl/
13270,1998,https://pidsoft.home.xs4all.nl/
13272,2004,https://pief.home.xs4all.nl/
13273,2000,https://pieksma.home.xs4all.nl/
13292,2001,https://pigpala.home.xs4all.nl/
13295,2007,https://pijpersh.home.xs4all.nl/
13300,2004,https://pillich.home.xs4all.nl/
13305,2007,https://pimk.home.xs4all.nl/
13317,2003,https://piramidf.home.xs4all.nl/
13325,2011,https://pjbrink.home.xs4all.nl/
13329,2004,https://pjdsmit.home.xs4all.nl/
13343,2003,https://pjoosteo.home.xs4all.nl/
13352,2005,https://pjvm.home.xs4all.nl/
13363,1999,https://pks3ksa.home.xs4all.nl/
13367,2003,https://plago.home.xs4all.nl/
13371,2004,https://planetnj.home.xs4all.nl/
13374,2001,https://plano.home.xs4all.nl/
13380,2001,https://plastika.home.xs4all.nl/
13383,2001,https://platje.home.xs4all.nl/
13389,2018,https://plem.home.xs4all.nl/
13391,1999,https://plevier.home.xs4all.nl/
13393,2001,https://plfrank.home.xs4all.nl/
13396,2004,https://plim.home.xs4all.nl/
13397,2019,https://plit.home.xs4all.nl/
13398,2004,https://pllnrds.home.xs4all.nl/
13406,2003,https://plop68.home.xs4all.nl/
13409,2004,https://plouter.home.xs4all.nl/
13410,2005,https://plowman.home.xs4all.nl/
13411,2002,https://plrschr.home.xs4all.nl/
13417,2002,https://plusgent.home.xs4all.nl/
13419,2000,https://plusvorm.home.xs4all.nl/
13444,1997,https://pmordial.home.xs4all.nl/
13446,2003,https://pmouw.home.xs4all.nl/
13449,2008,https://pmulder0.home.xs4all.nl/
13457,1998,https://pnr.home.xs4all.nl/
13465,1999,https://poek.home.xs4all.nl/
13466,2000,https://poffice.home.xs4all.nl/
13469,2001,https://pold.home.xs4all.nl/
13470,2005,https://polka.home.xs4all.nl/
13473,2001,https://polycad.home.xs4all.nl/
13474,2001,https://polyp.home.xs4all.nl/
13478,2005,https://poohbear.home.xs4all.nl/
13493,2004,https://postmazl.home.xs4all.nl/
13497,2017,https://pot.home.xs4all.nl/
13498,2001,https://pottenba.home.xs4all.nl/
13505,2007,https://ppenders.home.xs4all.nl/
13513,2002,https://ppmeek.home.xs4all.nl/
13520,2004,https://ppost.home.xs4all.nl/
13525,2002,https://ppt.home.xs4all.nl/
13527,2003,https://ppvw.home.xs4all.nl/
13532,1999,https://praktyk.home.xs4all.nl/
13536,2002,https://pratd.home.xs4all.nl/
13537,1998,https://prdeuro.home.xs4all.nl/
13552,2008,https://prick.home.xs4all.nl/
13555,1997,https://prima12.home.xs4all.nl/
13557,2000,https://primserv.home.xs4all.nl/
13572,2000,https://prm.home.xs4all.nl/
13573,2001,https://probes.home.xs4all.nl/
13579,2000,https://projecth.home.xs4all.nl/
13593,2002,https://proserv2.home.xs4all.nl/
13608,2000,https://psi.home.xs4all.nl/
13609,2005,https://pslaats.home.xs4all.nl/
13627,2001,https://psyhof.home.xs4all.nl/
13633,2001,https://pthb.home.xs4all.nl/
13636,2012,https://ptn.home.xs4all.nl/
13655,2002,https://puscoiup.home.xs4all.nl/
13671,2001,https://pvbiesen.home.xs4all.nl/
13676,2007,https://pvdgaag.home.xs4all.nl/
13680,2019,https://pvdkrogt.home.xs4all.nl/
13683,2001,https://pvdneut.home.xs4all.nl/
13684,2017,https://pvdonge.home.xs4all.nl/
13685,2006,https://pvdrimm.home.xs4all.nl/
13691,2005,https://pvdwolk.home.xs4all.nl/
13697,2004,https://pvercrui.home.xs4all.nl/
13706,2013,https://pvkuik.home.xs4all.nl/
13708,2001,https://pvl.home.xs4all.nl/
13711,1998,https://pvm.home.xs4all.nl/
13727,2017,https://pwedding.home.xs4all.nl/
13731,2004,https://pwester.home.xs4all.nl/
13734,2019,https://pwielen.home.xs4all.nl/
13737,2002,https://pwisselo.home.xs4all.nl/
13738,2013,https://pwitte.home.xs4all.nl/
13739,2019,https://pwitteve.home.xs4all.nl/
13742,2012,https://pwolderi.home.xs4all.nl/
13745,2000,https://pwuylens.home.xs4all.nl/
13747,1997,https://pww.home.xs4all.nl/
13748,1999,https://pxlmco.home.xs4all.nl/
13750,2005,https://pyper.home.xs4all.nl/
13760,2000,https://qdesign.home.xs4all.nl/
13763,2004,https://qene.home.xs4all.nl/
13766,1997,https://qls.home.xs4all.nl/
13771,1997,https://qsi.home.xs4all.nl/
13775,2001,https://quabus56.home.xs4all.nl/
13778,2002,https://qualm.home.xs4all.nl/
13785,2000,https://quellijn.home.xs4all.nl/
13792,1999,https://quiq.home.xs4all.nl/
13793,2000,https://quireyns.home.xs4all.nl/
13794,2004,https://quirijn.home.xs4all.nl/
13799,1999,https://qwin.home.xs4all.nl/
13802,2008,https://r0b3rt.home.xs4all.nl/
13805,2000,https://raaijen.home.xs4all.nl/
13808,1999,https://raaoffer.home.xs4all.nl/
13820,2007,https://racollar.home.xs4all.nl/
13822,2004,https://radersmb.home.xs4all.nl/
13837,2019,https://raicho.home.xs4all.nl/
13839,2001,https://railcar.home.xs4all.nl/
13850,2002,https://ralfhaar.home.xs4all.nl/
13853,1997,https://ralphd.home.xs4all.nl/
13865,2002,https://ramonory.home.xs4all.nl/
13866,2001,https://ramont.home.xs4all.nl/
13867,2005,https://ramundt.home.xs4all.nl/
13872,2003,https://randolph.home.xs4all.nl/
13875,2006,https://randyol.home.xs4all.nl/
13880,2012,https://raoulm.home.xs4all.nl/
13881,2012,https://rapaport.home.xs4all.nl/
13887,2016,https://rasch.home.xs4all.nl/
13888,2006,https://rastar.home.xs4all.nl/
13899,1997,https://ravijn.home.xs4all.nl/
13912,2011,https://rbelic.home.xs4all.nl/
13914,2013,https://rbergen.home.xs4all.nl/
13926,2004,https://rboes.home.xs4all.nl/
13934,2009,https://rboonstr.home.xs4all.nl/
13935,2009,https://rbos.home.xs4all.nl/
13939,2000,https://rbrust.home.xs4all.nl/
13941,2000,https://rbsgroup.home.xs4all.nl/
13945,1999,https://rcarlier.home.xs4all.nl/
13947,2009,https://rcassuto.home.xs4all.nl/
13970,2000,https://rdbraber.home.xs4all.nl/
13972,2000,https://rdcaluwe.home.xs4all.nl/
13982,2003,https://rdemming.home.xs4all.nl/
13983,1997,https://rderijk.home.xs4all.nl/
13985,2003,https://rdezeeuw.home.xs4all.nl/
13990,2013,https://rdm1992.home.xs4all.nl/
13998,2011,https://rduijf.home.xs4all.nl/
14002,2002,https://rdvdijk.home.xs4all.nl/
14012,2001,https://rebburt.home.xs4all.nl/
14014,1998,https://rebelj.home.xs4all.nl/
14019,1999,https://recipe.home.xs4all.nl/
14025,2008,https://redbad.home.xs4all.nl/
14026,2004,https://redcon.home.xs4all.nl/
14030,2005,https://redeker.home.xs4all.nl/
14039,1998,https://redm.home.xs4all.nl/
14048,1999,https://reeshof.home.xs4all.nl/
14050,2001,https://referro.home.xs4all.nl/
14060,2007,https://reije081.home.xs4all.nl/
14075,2003,https://reindern.home.xs4all.nl/
14088,2002,https://reitze.home.xs4all.nl/
14093,2001,https://relais.home.xs4all.nl/
14094,1998,https://relocate.home.xs4all.nl/
14098,2001,https://remarks.home.xs4all.nl/
14103,2014,https://remcodek.home.xs4all.nl/
14108,2000,https://remcovz.home.xs4all.nl/
14120,2003,https://remokerk.home.xs4all.nl/
14129,2000,https://renduren.home.xs4all.nl/
14142,1997,https://renep.home.xs4all.nl/
14145,2004,https://reneverm.home.xs4all.nl/
14146,2019,https://reneves.home.xs4all.nl/
14147,2002,https://renibvba.home.xs4all.nl/
14158,2003,https://renzenbr.home.xs4all.nl/
14164,2002,https://rescon.home.xs4all.nl/
14166,1999,https://resiluxb.home.xs4all.nl/
14169,2004,https://retepv.home.xs4all.nl/
14170,2001,https://reto2002.home.xs4all.nl/
14172,2002,https://retuow.home.xs4all.nl/
14190,2015,https://rfsber.home.xs4all.nl/
14201,2003,https://rggverl.home.xs4all.nl/
14210,2000,https://rgsp.home.xs4all.nl/
14215,2008,https://rhannink.home.xs4all.nl/
14245,1999,https://rhog.home.xs4all.nl/
14247,2004,https://rhordijk.home.xs4all.nl/
14255,2006,https://rialeeuw.home.xs4all.nl/
14275,2013,https://ricky.home.xs4all.nl/
14293,2003,https://rietakke.home.xs4all.nl/
14298,2011,https://rietkulk.home.xs4all.nl/
14300,2001,https://rietscho.home.xs4all.nl/
14307,2016,https://rigolett.home.xs4all.nl/
14310,2001,https://rijck006.home.xs4all.nl/
14317,2002,https://rijkswat.home.xs4all.nl/
14331,1999,https://rikbradt.home.xs4all.nl/
14332,1998,https://rikenwit.home.xs4all.nl/
14334,1999,https://rikkers.home.xs4all.nl/
14339,2003,https://rikof.home.xs4all.nl/
14346,2004,https://rinie.home.xs4all.nl/
14358,2008,https://ritanila.home.xs4all.nl/
14359,2009,https://rits.home.xs4all.nl/
14362,1998,https://rivalor.home.xs4all.nl/
14363,2006,https://rivas0.home.xs4all.nl/
14380,2007,https://rj.home.xs4all.nl/
14367,2002,https://rjacobs.home.xs4all.nl/
14370,2006,https://rjb.home.xs4all.nl/
14388,2003,https://rjklei.home.xs4all.nl/
14391,1999,https://rjl.home.xs4all.nl/
14394,2019,https://rjnoe.home.xs4all.nl/
14410,2003,https://rjvrijn.home.xs4all.nl/
14418,2005,https://rkarin.home.xs4all.nl/
14422,2003,https://rkeulen.home.xs4all.nl/
14430,2002,https://rkluver.home.xs4all.nl/
14435,2002,https://rkon.home.xs4all.nl/
14438,2002,https://rkraaij.home.xs4all.nl/
14444,2019,https://rkwee.home.xs4all.nl/
14454,2000,https://rlim.home.xs4all.nl/
14460,2005,https://rlvd.home.xs4all.nl/
14461,2002,https://rlvdzee.home.xs4all.nl/
14471,2007,https://rmetzger.home.xs4all.nl/
14473,2001,https://rml.home.xs4all.nl/
14474,2005,https://rmlinden.home.xs4all.nl/
14488,2004,https://rmvl.home.xs4all.nl/
14490,2012,https://rmwolff.home.xs4all.nl/
14500,2015,https://rnoske.home.xs4all.nl/
14507,2001,https://roads.home.xs4all.nl/
14510,2005,https://roanel.home.xs4all.nl/
14511,2013,https://rob1sept.home.xs4all.nl/
14518,2010,https://robdebie.home.xs4all.nl/
14528,2002,https://roberts.home.xs4all.nl/
14534,2006,https://robheus.home.xs4all.nl/
14536,2003,https://robibo.home.xs4all.nl/
14565,2001,https://rockers.home.xs4all.nl/
14580,2001,https://roeldg.home.xs4all.nl/
14599,1997,https://rogierm.home.xs4all.nl/
14605,2002,https://roland42.home.xs4all.nl/
14615,1998,https://rolhan.home.xs4all.nl/
14624,2000,https://roman.home.xs4all.nl/
14625,2001,https://romanina.home.xs4all.nl/
14626,1997,https://romano.home.xs4all.nl/
14637,2006,https://ron4wout.home.xs4all.nl/
14638,2005,https://ronair.home.xs4all.nl/
14639,1998,https://ronaldk.home.xs4all.nl/
14648,2002,https://rondelli.home.xs4all.nl/
14649,2007,https://rongen17.home.xs4all.nl/
14651,2003,https://ronh.home.xs4all.nl/
14668,2002,https://roodkeel.home.xs4all.nl/
14669,2005,https://roodpurp.home.xs4all.nl/
14674,2004,https://roos5.home.xs4all.nl/
14679,1999,https://roosjee.home.xs4all.nl/
14692,2000,https://roozo.home.xs4all.nl/
14693,2000,https://roptiek.home.xs4all.nl/
14694,2004,https://rosabos.home.xs4all.nl/
14716,2015,https://rottnest.home.xs4all.nl/
14722,2004,https://rovinj3.home.xs4all.nl/
14725,2001,https://rowdy1.home.xs4all.nl/
14731,2001,https://rozendab.home.xs4all.nl/
14743,2005,https://rpdeboer.home.xs4all.nl/
14745,2017,https://rpereira.home.xs4all.nl/
14760,2001,https://rracing.home.xs4all.nl/
14771,2008,https://rrinkel.home.xs4all.nl/
14773,2004,https://rrolfje.home.xs4all.nl/
14779,2018,https://rrump.home.xs4all.nl/
14781,2001,https://rrvl.home.xs4all.nl/
14797,2003,https://rsluis.home.xs4all.nl/
14806,2000,https://rsteutel.home.xs4all.nl/
14818,1998,https://rtigrb.home.xs4all.nl/
14827,2006,https://rtpw001.home.xs4all.nl/
14841,2000,https://rubenshf.home.xs4all.nl/
14863,2018,https://ruiterj.home.xs4all.nl/
14873,1998,https://rumarak.home.xs4all.nl/
14874,2012,https://rumiair.home.xs4all.nl/
14876,1998,https://runhaar.home.xs4all.nl/
14879,2006,https://rutger1.home.xs4all.nl/
14882,1999,https://rutgervd.home.xs4all.nl/
14883,2006,https://ruthdevr.home.xs4all.nl/
14887,2004,https://rutten.home.xs4all.nl/
14890,1998,https://ruuda.home.xs4all.nl/
14891,1998,https://ruudb.home.xs4all.nl/
14895,2009,https://ruudirma.home.xs4all.nl/
14900,2006,https://ruudzuid.home.xs4all.nl/
14901,2010,https://ruudzw.home.xs4all.nl/
14904,2014,https://ruvo.home.xs4all.nl/
14905,2018,https://ruyg.home.xs4all.nl/
14907,2004,https://ruysink.home.xs4all.nl/
14909,2011,https://ruyvvis.home.xs4all.nl/
14910,2008,https://rv18.home.xs4all.nl/
14916,2001,https://rvanderw.home.xs4all.nl/
14918,2002,https://rvanhove.home.xs4all.nl/
14933,2015,https://rvdsch.home.xs4all.nl/
14935,2006,https://rvdstam.home.xs4all.nl/
14938,2012,https://rvdvijf.home.xs4all.nl/
14940,2011,https://rvdweg.home.xs4all.nl/
14941,2019,https://rvdwoude.home.xs4all.nl/
14942,2003,https://rvdzwan.home.xs4all.nl/
14945,2016,https://rveenker.home.xs4all.nl/
14947,2003,https://rvendrig.home.xs4all.nl/
14951,2003,https://rverheij.home.xs4all.nl/
14952,2003,https://rverhoog.home.xs4all.nl/
14955,2008,https://rves.home.xs4all.nl/
14972,1999,https://rvloon.home.xs4all.nl/
14977,2019,https://rvnnl.home.xs4all.nl/
14989,2007,https://rvtol.home.xs4all.nl/
14991,2001,https://rvu.home.xs4all.nl/
14993,2018,https://rvvz.home.xs4all.nl/
14994,2006,https://rvweele.home.xs4all.nl/
14995,2010,https://rvzoest.home.xs4all.nl/
14996,2008,https://rwahle.home.xs4all.nl/
15005,2006,https://rwentzel.home.xs4all.nl/
15013,2016,https://rwijnsma.home.xs4all.nl/
15018,2002,https://rwkadm.home.xs4all.nl/
15021,1999,https://rwolters.home.xs4all.nl/
15027,2001,https://ryhove.home.xs4all.nl/
15029,1998,https://ryschool.home.xs4all.nl/
15037,2001,https://saanenla.home.xs4all.nl/
15047,1999,https://saense.home.xs4all.nl/
15048,2001,https://saenzcon.home.xs4all.nl/
15051,2003,https://safeacc.home.xs4all.nl/
15054,2002,https://sail420.home.xs4all.nl/
15056,2001,https://saint0.home.xs4all.nl/
15060,2004,https://salad1.home.xs4all.nl/
15066,1999,https://salmon.home.xs4all.nl/
10817,2002,https://samplebo.home.xs4all.nl/
15102,2004,https://sangreal.home.xs4all.nl/
15104,2004,https://sanne.home.xs4all.nl/
15108,2004,https://santenws.home.xs4all.nl/
15115,2001,https://sapoli.home.xs4all.nl/
15122,2007,https://sartre.home.xs4all.nl/
15125,1999,https://sascha.home.xs4all.nl/
15126,2000,https://saschavv.home.xs4all.nl/
15127,2004,https://saskia0.home.xs4all.nl/
15132,2000,https://sastom.home.xs4all.nl/
15133,2012,https://sater.home.xs4all.nl/
15139,1997,https://savmind.home.xs4all.nl/
15141,2009,https://sawie.home.xs4all.nl/
15144,1998,https://sbarbara.home.xs4all.nl/
15146,2004,https://sbaveen.home.xs4all.nl/
15147,2006,https://sbbs.home.xs4all.nl/
15148,2003,https://sbdjager.home.xs4all.nl/
15154,2003,https://sbmgr.home.xs4all.nl/
15156,2008,https://sbolt.home.xs4all.nl/
15160,2011,https://sbpoley.home.xs4all.nl/
15168,2014,https://scarree.home.xs4all.nl/
15190,2004,https://sch55452.home.xs4all.nl/
15204,2003,https://schaaf.home.xs4all.nl/
15203,2005,https://schaaf43.home.xs4all.nl/
15209,2017,https://schaikr.home.xs4all.nl/
15210,2003,https://schak001.home.xs4all.nl/
15214,2017,https://schall.home.xs4all.nl/
15220,2018,https://schatoj.home.xs4all.nl/
15222,2018,https://scheelpj.home.xs4all.nl/
15224,2017,https://scheer9.home.xs4all.nl/
15227,2018,https://scheffmb.home.xs4all.nl/
15236,2003,https://schenk1.home.xs4all.nl/
15244,2004,https://scheuer.home.xs4all.nl/
15246,2004,https://schicken.home.xs4all.nl/
15247,2013,https://schido.home.xs4all.nl/
15255,2013,https://schildme.home.xs4all.nl/
15265,2003,https://schleper.home.xs4all.nl/
15268,2004,https://schluter.home.xs4all.nl/
15277,2005,https://schoevaa.home.xs4all.nl/
15279,2009,https://schofiel.home.xs4all.nl/
15281,2001,https://schokker.home.xs4all.nl/
15298,2003,https://schori.home.xs4all.nl/
15309,2000,https://schrauwf.home.xs4all.nl/
15312,2006,https://schreudi.home.xs4all.nl/
15321,2013,https://schroo.home.xs4all.nl/
15322,2013,https://schuddhn.home.xs4all.nl/
15331,2004,https://schuurcw.home.xs4all.nl/
15332,2004,https://schuurtj.home.xs4all.nl/
15338,2001,https://sci.home.xs4all.nl/
15339,2001,https://sciis.home.xs4all.nl/
15343,2000,https://sciusict.home.xs4all.nl/
15351,2001,https://scopedes.home.xs4all.nl/
15352,2004,https://scorpio.home.xs4all.nl/
15353,2004,https://scotcor.home.xs4all.nl/
15360,2001,https://sctx.home.xs4all.nl/
15370,1997,https://sdwilde.home.xs4all.nl/
15373,2000,https://search4u.home.xs4all.nl/
15379,2003,https://sebass.home.xs4all.nl/
15382,2005,https://secum.home.xs4all.nl/
15383,1999,https://sediatis.home.xs4all.nl/
15387,2000,https://segersnv.home.xs4all.nl/
15389,1999,https://segv.home.xs4all.nl/
15395,2005,https://seip.home.xs4all.nl/
15406,2001,https://senergie.home.xs4all.nl/
15409,2005,https://sens.home.xs4all.nl/
15420,2001,https://serdiv.home.xs4all.nl/
15424,2005,https://serhan.home.xs4all.nl/
15430,2001,https://setola.home.xs4all.nl/
15434,2006,https://seuren1.home.xs4all.nl/
15439,2000,https://sev.home.xs4all.nl/
15436,2003,https://seven11.home.xs4all.nl/
15437,2002,https://seven7.home.xs4all.nl/
15440,1999,https://sewper.home.xs4all.nl/
15441,1997,https://sexdrive.home.xs4all.nl/
15464,2002,https://shaem.home.xs4all.nl/
15471,2002,https://shantika.home.xs4all.nl/
15482,2001,https://sherif.home.xs4all.nl/
15495,2002,https://shmosica.home.xs4all.nl/
15501,2001,https://shopper.home.xs4all.nl/
15522,2007,https://siemur.home.xs4all.nl/
15524,2005,https://sierksma.home.xs4all.nl/
15529,2003,https://sietses.home.xs4all.nl/
15542,2000,https://sikkema.home.xs4all.nl/
15549,2004,https://silvactc.home.xs4all.nl/
15551,2008,https://silvertr.home.xs4all.nl/
15558,2001,https://simmerag.home.xs4all.nl/
15564,2005,https://simq.home.xs4all.nl/
15573,1999,https://sintjago.home.xs4all.nl/
15576,2008,https://sipico.home.xs4all.nl/
15585,2004,https://sitetosi.home.xs4all.nl/
15593,2008,https://sjaak.home.xs4all.nl/
15599,2009,https://sjardijn.home.xs4all.nl/
15619,2004,https://sjvos.home.xs4all.nl/
15620,2006,https://sjw.home.xs4all.nl/
15624,2007,https://skaug.home.xs4all.nl/
15630,2002,https://skitzo.home.xs4all.nl/
15634,2003,https://skooy.home.xs4all.nl/
15639,2019,https://skydiver.home.xs4all.nl/
15642,2003,https://skynet.home.xs4all.nl/
15644,2012,https://sladja.home.xs4all.nl/
15645,2005,https://slagter9.home.xs4all.nl/
15646,2001,https://slambeck.home.xs4all.nl/
15655,2001,https://slegten.home.xs4all.nl/
15656,2008,https://sleipnir.home.xs4all.nl/
15663,2001,https://slimste.home.xs4all.nl/
15673,2009,https://slow4.home.xs4all.nl/
15679,2002,https://sm4csi.home.xs4all.nl/
15683,2008,https://smalt.home.xs4all.nl/
15687,2003,https://smartart.home.xs4all.nl/
15694,2000,https://smcc.home.xs4all.nl/
15701,2001,https://smellema.home.xs4all.nl/
15709,2001,https://smik.home.xs4all.nl/
15710,2002,https://smills.home.xs4all.nl/
15713,2001,https://smissweb.home.xs4all.nl/
15714,2003,https://smit4mld.home.xs4all.nl/
15716,2001,https://smitbeto.home.xs4all.nl/
15722,1999,https://smitmob.home.xs4all.nl/
15723,2002,https://smitruck.home.xs4all.nl/
15726,2005,https://smittern.home.xs4all.nl/
15731,2004,https://smokie.home.xs4all.nl/
15732,2003,https://smolenaa.home.xs4all.nl/
15739,2000,https://snaarx.home.xs4all.nl/
15757,2019,https://snips.home.xs4all.nl/
15764,2012,https://snoeks78.home.xs4all.nl/
15767,2004,https://snrmh.home.xs4all.nl/
15773,2002,https://sobelim.home.xs4all.nl/
15777,2001,https://soenen.home.xs4all.nl/
15790,2006,https://sol.home.xs4all.nl/
15793,1998,https://solinger.home.xs4all.nl/
15809,2001,https://sonsbeek.home.xs4all.nl/
15812,2002,https://sophiasc.home.xs4all.nl/
15816,2004,https://sorkus.home.xs4all.nl/
15827,2002,https://spaanl01.home.xs4all.nl/
15854,2000,https://speksnij.home.xs4all.nl/
15855,2001,https://spencere.home.xs4all.nl/
15858,2002,https://spetter.home.xs4all.nl/
15861,2006,https://spiderbo.home.xs4all.nl/
15865,2001,https://spiet123.home.xs4all.nl/
15866,2002,https://spietert.home.xs4all.nl/
15877,2005,https://spline.home.xs4all.nl/
15878,2002,https://splug.home.xs4all.nl/
15880,2019,https://spod.home.xs4all.nl/
15885,2003,https://sportsgk.home.xs4all.nl/
15888,1999,https://sprengen.home.xs4all.nl/
15893,2001,https://spro.home.xs4all.nl/
15892,1999,https://sproet.home.xs4all.nl/
15900,2003,https://spvh.home.xs4all.nl/
15904,2005,https://squat0.home.xs4all.nl/
15917,2011,https://srsnl.home.xs4all.nl/
15921,2000,https://ssdef.home.xs4all.nl/
15925,2004,https://ssmit.home.xs4all.nl/
15935,2001,https://st5lpstr.home.xs4all.nl/
15938,2019,https://staas.home.xs4all.nl/
15939,2004,https://stab.home.xs4all.nl/
15943,2004,https://stadsams.home.xs4all.nl/
15944,2002,https://stadsher.home.xs4all.nl/
15954,1997,https://stamp.home.xs4all.nl/
15962,2009,https://starink.home.xs4all.nl/
15968,2008,https://stas.home.xs4all.nl/
15970,2001,https://statamat.home.xs4all.nl/
15979,2003,https://steef.home.xs4all.nl/
15984,2002,https://steegro.home.xs4all.nl/
15988,1999,https://steelpan.home.xs4all.nl/
15995,2005,https://steenkol.home.xs4all.nl/
16000,2004,https://steeph.home.xs4all.nl/
16004,2001,https://stefanvt.home.xs4all.nl/
16005,1997,https://stefco.home.xs4all.nl/
16020,2008,https://stelpost.home.xs4all.nl/
16022,2009,https://stelten.home.xs4all.nl/
16033,2019,https://steurh.home.xs4all.nl/
16043,2003,https://stevernl.home.xs4all.nl/
16047,2014,https://stgvisie.home.xs4all.nl/
16048,1997,https://sthart.home.xs4all.nl/
16063,2001,https://stimulus.home.xs4all.nl/
16066,2004,https://stkolom.home.xs4all.nl/
16070,1999,https://stocknl.home.xs4all.nl/
16071,2004,https://stockstr.home.xs4all.nl/
16078,2004,https://stofferv.home.xs4all.nl/
16082,2013,https://stolk.home.xs4all.nl/
16085,1999,https://stolsma.home.xs4all.nl/
16096,2002,https://stout2.home.xs4all.nl/
16104,2003,https://straatmf.home.xs4all.nl/
16126,2001,https://studiomc.home.xs4all.nl/
16133,2004,https://stuuropw.home.xs4all.nl/
16137,1999,https://stx.home.xs4all.nl/
16140,2001,https://stylus.home.xs4all.nl/
16141,2001,https://stzproje.home.xs4all.nl/
16155,2008,https://sunijof.home.xs4all.nl/
16156,2002,https://sunjetre.home.xs4all.nl/
16169,2005,https://surfsafe.home.xs4all.nl/
16176,1999,https://suusie.home.xs4all.nl/
16186,2000,https://svcom.home.xs4all.nl/
16189,1998,https://sveneric.home.xs4all.nl/
16204,2001,https://swaak.home.xs4all.nl/
16206,1997,https://swadruk.home.xs4all.nl/
16210,2012,https://swanz.home.xs4all.nl/
16222,2003,https://swemle.home.xs4all.nl/
16243,2000,https://swords.home.xs4all.nl/
16252,2003,https://sylviage.home.xs4all.nl/
16258,2001,https://syncan.home.xs4all.nl/
16261,2002,https://synotix.home.xs4all.nl/
16264,2008,https://syro.home.xs4all.nl/
16269,2008,https://sytze.home.xs4all.nl/
16270,2000,https://szh.home.xs4all.nl/
16272,2002,https://szrtiel.home.xs4all.nl/
16276,2009,https://taalbr.home.xs4all.nl/
16278,2003,https://taartsen.home.xs4all.nl/
16280,2003,https://tabai.home.xs4all.nl/
16290,2003,https://taffy.home.xs4all.nl/
16294,2000,https://taken.home.xs4all.nl/
16295,2003,https://takenote.home.xs4all.nl/
16300,1999,https://takken.home.xs4all.nl/
16302,2006,https://takoda.home.xs4all.nl/
16313,2005,https://tammer.home.xs4all.nl/A-Buurt-Hsum/tsubY_Netiquette1.html
16312,2005,https://tammerat.home.xs4all.nl/
16319,1999,https://tanka.home.xs4all.nl/
16322,2005,https://tanno.home.xs4all.nl/
16326,2001,https://tantniob.home.xs4all.nl/
16330,2013,https://tapirs.home.xs4all.nl/
16344,2003,https://tattoo3.home.xs4all.nl/
16353,2006,https://tbal.home.xs4all.nl/
16354,2009,https://tbarth.home.xs4all.nl/
16357,2000,https://tboer.home.xs4all.nl/
16373,1999,https://tdendulk.home.xs4all.nl/
16377,2003,https://tdg.home.xs4all.nl/
16381,1998,https://tdjaeger.home.xs4all.nl/
16384,1998,https://tdr.home.xs4all.nl/
16406,1997,https://te.home.xs4all.nl/
16387,2002,https://teamwand.home.xs4all.nl/
16389,2002,https://tebrak.home.xs4all.nl/
16391,1999,https://techfan.home.xs4all.nl/
16403,2004,https://teeka.home.xs4all.nl/
16414,2001,https://tekstudi.home.xs4all.nl/
16418,2002,https://telesol.home.xs4all.nl/
16419,2002,https://teletask.home.xs4all.nl/
16441,2009,https://teppy.home.xs4all.nl/
16448,1998,https://terhaak.home.xs4all.nl/
16460,2005,https://terrible.home.xs4all.nl/
16462,2005,https://terstalr.home.xs4all.nl/
16464,2000,https://terwel.home.xs4all.nl/
16465,2004,https://tesconce.home.xs4all.nl/
16470,2004,https://tess.home.xs4all.nl/
16471,2002,https://tessy1.home.xs4all.nl/
16479,2006,https://teunvdt.home.xs4all.nl/
16481,2005,https://teusmon.home.xs4all.nl/
16482,2004,https://tevens.home.xs4all.nl/
16488,1999,https://tfl.home.xs4all.nl/
16494,2000,https://tgk.home.xs4all.nl/
16515,2007,https://thebaz.home.xs4all.nl/
16517,2016,https://thebears.home.xs4all.nl/
16518,2001,https://thebeast.home.xs4all.nl/
16519,2014,https://thebeez.home.xs4all.nl/
16523,2002,https://theeboom.home.xs4all.nl/
16531,2001,https://theloung.home.xs4all.nl/
16543,2007,https://theorder.home.xs4all.nl/
16548,2017,https://therver.home.xs4all.nl/
16551,2002,https://theworld.home.xs4all.nl/
16554,2000,https://thiber.home.xs4all.nl/
16559,1997,https://thijmen.home.xs4all.nl/
16562,2004,https://thijspsy.home.xs4all.nl/
16568,1998,https://thomain4.home.xs4all.nl/
16571,2014,https://thomasr.home.xs4all.nl/
16576,2003,https://thorhem.home.xs4all.nl/
16579,2002,https://thrdway1.home.xs4all.nl/
16586,2005,https://thuiszor.home.xs4all.nl/
16592,2000,https://tiara0.home.xs4all.nl/
16595,2003,https://tibor4u.home.xs4all.nl/
16597,2006,https://tiddens1.home.xs4all.nl/
16607,2003,https://tijdens.home.xs4all.nl/
16611,2001,https://tijntrst.home.xs4all.nl/
16613,2016,https://tijssen1.home.xs4all.nl/
16619,2001,https://timaa.home.xs4all.nl/
16621,2008,https://timboric.home.xs4all.nl/
16622,2002,https://timefest.home.xs4all.nl/
16633,2007,https://tina.home.xs4all.nl/
16639,2000,https://tirion.home.xs4all.nl/
16640,2004,https://tirol71.home.xs4all.nl/
16643,2000,https://tivo.home.xs4all.nl/
16650,2001,https://tjarchit.home.xs4all.nl/
16670,2007,https://tjzeeman.home.xs4all.nl/
16692,2010,https://tluif.home.xs4all.nl/
16698,2000,https://tmh.home.xs4all.nl/
16707,2000,https://tnh2.home.xs4all.nl/
16712,2008,https://tnota.home.xs4all.nl/
16722,2004,https://tocure.home.xs4all.nl/
16723,2001,https://todejong.home.xs4all.nl/
16726,2003,https://toer001.home.xs4all.nl/
16730,2005,https://tokyo.home.xs4all.nl/
16731,2004,https://tolamb.home.xs4all.nl/
16738,2007,https://tom1970.home.xs4all.nl/
16740,2000,https://tomaello.home.xs4all.nl/
16744,2003,https://tomcarp.home.xs4all.nl/
16748,1999,https://tommyh.home.xs4all.nl/
16752,2005,https://tomtiger.home.xs4all.nl/
16771,1998,https://tonnie.home.xs4all.nl/
16774,2001,https://tonput.home.xs4all.nl/
16777,2003,https://tonvis.home.xs4all.nl/
16782,2013,https://tool.home.xs4all.nl/
16785,2004,https://toonirma.home.xs4all.nl/
16786,1999,https://toontje.home.xs4all.nl/
16787,2000,https://toonve.home.xs4all.nl/
16798,2004,https://tora1305.home.xs4all.nl/
16799,1999,https://torfs.home.xs4all.nl/
16831,2001,https://trainare.home.xs4all.nl/
16833,2002,https://transart.home.xs4all.nl/
16834,2002,https://transat.home.xs4all.nl/
16835,2005,https://translat.home.xs4all.nl/
16842,2002,https://trb.home.xs4all.nl/
16851,2000,https://triasoco.home.xs4all.nl/
16854,2003,https://triepje.home.xs4all.nl/
16866,1997,https://triryche.home.xs4all.nl/
16867,2003,https://tritssup.home.xs4all.nl/
16871,2001,https://trojka.home.xs4all.nl/
16873,2001,https://troll0.home.xs4all.nl/
16874,2015,https://trompaja.home.xs4all.nl/
16875,2003,https://trompe.home.xs4all.nl/
16876,1999,https://tronix.home.xs4all.nl/
16877,1998,https://troostam.home.xs4all.nl/
16880,1999,https://truitje.home.xs4all.nl/
16893,2000,https://tslnlcom.home.xs4all.nl/
16896,1999,https://tstuser1.home.xs4all.nl/
16897,2003,https://tsuba42.home.xs4all.nl/
16898,2003,https://ttavoly.home.xs4all.nl/
16899,2002,https://ttcclan.home.xs4all.nl/
16953,2004,https://tushar.home.xs4all.nl/
16954,2003,https://tutusaus.home.xs4all.nl/
16975,2004,https://tvr.home.xs4all.nl/
16980,2001,https://tvv.home.xs4all.nl/
16986,2001,https://tweemete.home.xs4all.nl/
16988,2001,https://tweewiel.home.xs4all.nl/
16992,2019,https://twierstr.home.xs4all.nl/
16995,1997,https://twins.home.xs4all.nl/
17008,1999,https://tygrr.home.xs4all.nl/
17016,2004,https://udijana.home.xs4all.nl/
17021,2002,https://uenk.home.xs4all.nl/
17022,1998,https://uhenry.home.xs4all.nl/
17037,2004,https://umpire.home.xs4all.nl/
17040,2008,https://unicornb.home.xs4all.nl/
17047,2002,https://unlim.home.xs4all.nl/
17053,2002,https://upc.home.xs4all.nl/
17058,1999,https://uranus.home.xs4all.nl/
17061,2005,https://urchin.home.xs4all.nl/
17068,1999,https://usura.home.xs4all.nl/
17073,2004,https://vaar.home.xs4all.nl/
17074,1999,https://vaccount.home.xs4all.nl/
17090,1997,https://valocity.home.xs4all.nl/
17094,2005,https://vanast.home.xs4all.nl/
17101,1998,https://vanbon.home.xs4all.nl/
17124,2009,https://vandenze.home.xs4all.nl/
17131,2004,https://vanderes.home.xs4all.nl/
17137,2003,https://vandernl.home.xs4all.nl/
17165,2005,https://vanede.home.xs4all.nl/
17174,2014,https://vangeijt.home.xs4all.nl/
17183,1999,https://vanheydo.home.xs4all.nl/
17184,2003,https://vanhoonl.home.xs4all.nl/
17203,2001,https://vanmalss.home.xs4all.nl/
17214,2001,https://vanooyen.home.xs4all.nl/
17220,2007,https://vanraave.home.xs4all.nl/
17237,2001,https://vanthoog.home.xs4all.nl/
17238,2009,https://vantrigt.home.xs4all.nl/
17241,1998,https://vanvelda.home.xs4all.nl/
17250,2004,https://varenhou.home.xs4all.nl/
17256,2002,https://vaude.home.xs4all.nl/
17269,2002,https://vbt.home.xs4all.nl/
17272,2003,https://vcrevel.home.xs4all.nl/
17280,2001,https://vdberg.home.xs4all.nl/
17279,2006,https://vdberge.home.xs4all.nl/
17284,2018,https://vdbrug58.home.xs4all.nl/
17290,2012,https://vdheijdt.home.xs4all.nl/
17291,2000,https://vdhoed.home.xs4all.nl/
17300,2001,https://vdleebe.home.xs4all.nl/
17312,2008,https://vdpeet.home.xs4all.nl/
17320,2003,https://vdsmit.home.xs4all.nl/
17327,2003,https://vdvegt.home.xs4all.nl/
17328,1999,https://vdvhisto.home.xs4all.nl/
17334,2003,https://vdvossen.home.xs4all.nl/
17342,2001,https://vebon.home.xs4all.nl/
17349,2001,https://veedhvee.home.xs4all.nl/
17354,2016,https://veenb.home.xs4all.nl/
17365,2003,https://veer3731.home.xs4all.nl/
17371,2013,https://veko.home.xs4all.nl/
17382,1998,https://vellek.home.xs4all.nl/
17387,2003,https://veltmanm.home.xs4all.nl/
17400,1999,https://venster.home.xs4all.nl/
17403,2009,https://venustv.home.xs4all.nl/
17410,2001,https://verbeek9.home.xs4all.nl/
17414,2001,https://verbuntp.home.xs4all.nl/
17416,2002,https://verdan.home.xs4all.nl/
17426,2004,https://verhegge.home.xs4all.nl/
17427,2005,https://verheula.home.xs4all.nl/
17441,2001,https://verliweb.home.xs4all.nl/
17454,2001,https://vermo.home.xs4all.nl/
17456,2000,https://verne123.home.xs4all.nl/
17460,2001,https://verouden.home.xs4all.nl/
17479,2000,https://vertroni.home.xs4all.nl/
17492,2001,https://vestico.home.xs4all.nl/
17498,2002,https://vfm.home.xs4all.nl/
17499,2004,https://vgeesink.home.xs4all.nl/
17500,2001,https://vgompweb.home.xs4all.nl/
17504,2001,https://vhcbno.home.xs4all.nl/
17507,2002,https://vhlogin.home.xs4all.nl/
17518,2004,https://vichayes.home.xs4all.nl/
17523,1998,https://victor.home.xs4all.nl/
17532,2005,https://vierh00g.home.xs4all.nl/
17542,2006,https://villevoy.home.xs4all.nl/
17551,1999,https://vinkboer.home.xs4all.nl/
17553,1999,https://vinkpart.home.xs4all.nl/
17555,2008,https://vinnie88.home.xs4all.nl/
17558,2000,https://viool.home.xs4all.nl/
17567,2001,https://visenco.home.xs4all.nl/
17571,2008,https://vissblom.home.xs4all.nl/
17578,2007,https://visser4u.home.xs4all.nl/
17582,2003,https://visserij.home.xs4all.nl/
17592,2000,https://vivevie.home.xs4all.nl/
17598,1998,https://vkammen.home.xs4all.nl/
17599,2008,https://vkessels.home.xs4all.nl/
17603,2004,https://vliet007.home.xs4all.nl/
17604,2003,https://vlietlan.home.xs4all.nl/
17607,2001,https://vlinder.home.xs4all.nl/
17608,2004,https://vljp.home.xs4all.nl/
17611,2003,https://vloosen.home.xs4all.nl/
18844,2008,https://vmarja.home.xs4all.nl/
17621,2003,https://vmooren.home.xs4all.nl/
17625,2001,https://vnptest.home.xs4all.nl/
17627,1998,https://voc.home.xs4all.nl/
17637,2008,https://vogelahm.home.xs4all.nl/
17645,2002,https://volkert.home.xs4all.nl/
17646,2002,https://volksabd.home.xs4all.nl/
17647,1999,https://volle84.home.xs4all.nl/
17659,2003,https://vonvliet.home.xs4all.nl/
17660,2002,https://vood3rsd.home.xs4all.nl/
17664,2003,https://voorbu.home.xs4all.nl/
17683,1999,https://voskuile.home.xs4all.nl/
17690,2004,https://voulon2r.home.xs4all.nl/
17695,2001,https://vrbajoha.home.xs4all.nl/
17704,2000,https://vrieling.home.xs4all.nl/
17716,2003,https://vrijdag.home.xs4all.nl/
17720,2002,https://vroegop.home.xs4all.nl/
17721,2006,https://vroeij10.home.xs4all.nl/
17722,2003,https://vroemen.home.xs4all.nl/
17725,2003,https://vronet.home.xs4all.nl/
17726,2002,https://vrooman.home.xs4all.nl/
17748,2008,https://vurenvan.home.xs4all.nl/
17749,2002,https://vuurdame.home.xs4all.nl/
17759,2000,https://vvgg.home.xs4all.nl/
17765,2002,https://vvocweb.home.xs4all.nl/
17768,2001,https://vvppinfo.home.xs4all.nl/
17773,2003,https://vwbussto.home.xs4all.nl/
17775,2002,https://vwvt.home.xs4all.nl/
17781,2002,https://w817.home.xs4all.nl/
18843,2011,https://waa.home.xs4all.nl/
17790,2017,https://waalvaca.home.xs4all.nl/
17824,2005,https://wampie.home.xs4all.nl/
17834,2007,https://wanted.home.xs4all.nl/
17836,2000,https://waparket.home.xs4all.nl/
17837,2001,https://wapdoc.home.xs4all.nl/
17838,2001,https://wapforce.home.xs4all.nl/
17842,2000,https://ward1.home.xs4all.nl/
17845,2002,https://warmerd1.home.xs4all.nl/
17854,2000,https://waterlar.home.xs4all.nl/
17859,2004,https://watervlo.home.xs4all.nl/
17872,2002,https://wbhalgem.home.xs4all.nl/
17873,1998,https://wbison.home.xs4all.nl/
17884,1998,https://wbouman.home.xs4all.nl/
17886,2016,https://wbril.home.xs4all.nl/
17889,2008,https://wbsoft.home.xs4all.nl/
17905,2001,https://wdengel.home.xs4all.nl/
17908,2005,https://wdhertog.home.xs4all.nl/
17937,2006,https://websys.home.xs4all.nl/
17943,2001,https://wedel.home.xs4all.nl/
17955,2003,https://weesp603.home.xs4all.nl/
17965,1998,https://weijer.home.xs4all.nl/
17966,2000,https://weijers.home.xs4all.nl/
17967,2002,https://weijersj.home.xs4all.nl/
17970,2001,https://weijnand.home.xs4all.nl/
17975,2004,https://weisma.home.xs4all.nl/
17981,2009,https://wellinkj.home.xs4all.nl/
17986,2004,https://wenatet.home.xs4all.nl/
18000,2004,https://werffvd.home.xs4all.nl/
18005,2000,https://werkk.home.xs4all.nl/
18007,2016,https://werksman.home.xs4all.nl/
18011,2011,https://werthof.home.xs4all.nl/
18842,2003,https://wester.home.xs4all.nl/
18028,2003,https://westers.home.xs4all.nl/
18031,2001,https://westfass.home.xs4all.nl/
18033,2008,https://westher.home.xs4all.nl/
18036,2000,https://westinga.home.xs4all.nl/
18038,2001,https://westpers.home.xs4all.nl/
18040,2007,https://westra67.home.xs4all.nl/
18044,2004,https://westwal1.home.xs4all.nl/
18046,2019,https://westy31.home.xs4all.nl/
18066,2006,https://wgeelhoe.home.xs4all.nl/
18067,2019,https://wgessel.home.xs4all.nl/
18071,2003,https://wgroup.home.xs4all.nl/
18076,2008,https://wha.home.xs4all.nl/
18073,1998,https://whaare.home.xs4all.nl/
18085,2003,https://whizky.home.xs4all.nl/
18095,2019,https://wichm.home.xs4all.nl/
18100,2006,https://wiebrand.home.xs4all.nl/
18109,2003,https://wielers2.home.xs4all.nl/
18111,2007,https://wientjep.home.xs4all.nl/
18118,1999,https://wieteke.home.xs4all.nl/
18120,2003,https://wiewer.home.xs4all.nl/
18125,1998,https://wig.home.xs4all.nl/
18128,2004,https://wihuting.home.xs4all.nl/
18155,2002,https://wikkie.home.xs4all.nl/
18167,2005,https://wilde.home.xs4all.nl/
18171,2001,https://wilderen.home.xs4all.nl/
18172,2002,https://wildidee.home.xs4all.nl/
18174,2002,https://wilewo02.home.xs4all.nl/
18189,2009,https://william.home.xs4all.nl/
18202,2004,https://wimarp.home.xs4all.nl/
18213,2007,https://wimkoens.home.xs4all.nl/
18216,1998,https://wimnij.home.xs4all.nl/
18218,2005,https://wimpetri.home.xs4all.nl/
18228,2006,https://windm.home.xs4all.nl/
18229,2001,https://windowgd.home.xs4all.nl/
18232,2008,https://winfiele.home.xs4all.nl/
18236,2000,https://winkel09.home.xs4all.nl/
18239,2002,https://winkelho.home.xs4all.nl/
18240,2002,https://winkelkr.home.xs4all.nl/
18247,2007,https://wintert1.home.xs4all.nl/
18253,2003,https://wirschin.home.xs4all.nl/
18254,2001,https://wisdom.home.xs4all.nl/
18256,2004,https://wiskerke.home.xs4all.nl/
18269,2003,https://wittejer.home.xs4all.nl/
18280,1998,https://wizzard.home.xs4all.nl/
18292,2009,https://wjh.home.xs4all.nl/
18293,2005,https://wjjansen.home.xs4all.nl/
18297,2008,https://wjpm.home.xs4all.nl/
18300,2006,https://wjsalis.home.xs4all.nl/
18302,2000,https://wjtbeek.home.xs4all.nl/
18306,2007,https://wjwmh01.home.xs4all.nl/
18314,2007,https://wkorp.home.xs4all.nl/
18319,2001,https://wldplkkn.home.xs4all.nl/
18322,2008,https://wlooman.home.xs4all.nl/
18326,2005,https://wmade.home.xs4all.nl/
18332,2012,https://wmbe.home.xs4all.nl/
18335,2007,https://wmd.home.xs4all.nl/
18336,1998,https://wmeeus.home.xs4all.nl/
18340,2001,https://wmhnv.home.xs4all.nl/
18341,2010,https://wmihtb.home.xs4all.nl/
18342,2005,https://wmjs.home.xs4all.nl/
18347,2019,https://wnapel.home.xs4all.nl/
18348,1999,https://wobbie.home.xs4all.nl/
18349,2009,https://wobo.home.xs4all.nl/
18355,2007,https://woertmap.home.xs4all.nl/
18363,2001,https://wolfg.home.xs4all.nl/
18364,2004,https://wolfinst.home.xs4all.nl/
18365,2006,https://wolfjes.home.xs4all.nl/
18366,2005,https://wolfprod.home.xs4all.nl/
18368,2013,https://wolfzim.home.xs4all.nl/
18373,2018,https://wolter.home.xs4all.nl/
18377,2012,https://woltjera.home.xs4all.nl/
18381,2001,https://wolweb.home.xs4all.nl/
18383,2002,https://wonderen.home.xs4all.nl/
18387,2008,https://wonne4al.home.xs4all.nl/
18389,2019,https://woolthui.home.xs4all.nl/
18393,2006,https://wopereis.home.xs4all.nl/
18395,2004,https://worimo.home.xs4all.nl/
18396,1999,https://worldmus.home.xs4all.nl/
18402,2005,https://woudshoo.home.xs4all.nl/
18404,2015,https://wouterfj.home.xs4all.nl/
18405,2007,https://wouters7.home.xs4all.nl/
18406,2004,https://woutg.home.xs4all.nl/
18417,2005,https://wramrobi.home.xs4all.nl/
18418,2014,https://wrb.home.xs4all.nl/
18419,2008,https://wredel.home.xs4all.nl/
18420,2006,https://wreezigt.home.xs4all.nl/
18421,2014,https://wreijden.home.xs4all.nl/
18422,2012,https://wrijke.home.xs4all.nl/
18423,2001,https://wrist0.home.xs4all.nl/
18430,2013,https://wrvh.home.xs4all.nl/
18435,1999,https://wsch.home.xs4all.nl/
18439,2007,https://wsiebe.home.xs4all.nl/
18457,2000,https://wswart.home.xs4all.nl/
18464,2007,https://wtvrmln.home.xs4all.nl/
18465,2005,https://wubbe.home.xs4all.nl/
18478,2001,https://wvdg.home.xs4all.nl/
18485,2001,https://wvds.home.xs4all.nl/
18486,2001,https://wvdvelde.home.xs4all.nl/
18487,2001,https://wvegmond.home.xs4all.nl/
18505,2009,https://ww170.home.xs4all.nl/
18508,2002,https://wweening.home.xs4all.nl/
18526,2019,https://xanathar.home.xs4all.nl/
18534,2002,https://xela2.home.xs4all.nl/
18559,2003,https://xvp.home.xs4all.nl/
18565,2004,https://yankee.home.xs4all.nl/
18566,2004,https://yanks.home.xs4all.nl/
18567,2002,https://yap2.home.xs4all.nl/
18568,2002,https://yapis.home.xs4all.nl/
18572,1998,https://yatra.home.xs4all.nl/
18579,2008,https://yep.home.xs4all.nl/
18580,2002,https://yeran.home.xs4all.nl/
18581,2002,https://yerb.home.xs4all.nl/
18585,2003,https://yja1748.home.xs4all.nl/
18594,2002,https://ynke.home.xs4all.nl/
18615,2009,https://youpy.home.xs4all.nl/
18617,2004,https://yousef.home.xs4all.nl/
18619,2009,https://ypm.home.xs4all.nl/
18623,2005,https://ysbaan.home.xs4all.nl/
18634,1998,https://yuri.home.xs4all.nl/
18636,2006,https://yvdlinde.home.xs4all.nl/
18641,2006,https://yvonnen.home.xs4all.nl/
18642,2002,https://ywako.home.xs4all.nl/
18653,2007,https://zagers3.home.xs4all.nl/
18662,2000,https://zandhuit.home.xs4all.nl/
18664,2002,https://zandunga.home.xs4all.nl/
18665,2008,https://zandven0.home.xs4all.nl/
18666,2014,https://zanstra.home.xs4all.nl/
18672,2000,https://zaros.home.xs4all.nl/
18673,2002,https://zas1.home.xs4all.nl/
18674,1999,https://zasco.home.xs4all.nl/
18679,2003,https://zcjaais.home.xs4all.nl/
18683,2004,https://zeefin.home.xs4all.nl/
18684,2002,https://zeeh.home.xs4all.nl/
18689,2002,https://zegelrin.home.xs4all.nl/
18692,2001,https://zeilklip.home.xs4all.nl/
18697,2000,https://zeppers.home.xs4all.nl/
18700,2003,https://zeszalm.home.xs4all.nl/
18718,2004,https://zipmug.home.xs4all.nl/
18723,2000,https://zitidee.home.xs4all.nl/
18726,2009,https://zizu.home.xs4all.nl/
18729,2012,https://zjost.home.xs4all.nl/
18730,1997,https://zmag.home.xs4all.nl/
18736,2002,https://zoe2.home.xs4all.nl/
18747,2002,https://zonedrie.home.xs4all.nl/
18748,2002,https://zonline.home.xs4all.nl/
18754,2001,https://zoomp.home.xs4all.nl/
18759,2001,https://zoveelth.home.xs4all.nl/
18760,2005,https://zoz.home.xs4all.nl/
18771,2003,https://zuidjord.home.xs4all.nl/
18772,2002,https://zuidpost.home.xs4all.nl/
18773,2005,https://zunqre.home.xs4all.nl/
18780,2004,https://zuydwijk.home.xs4all.nl/
18794,2011,https://zwan.home.xs4all.nl/
18801,2014,https://zweije.home.xs4all.nl/
18807,2003,https://zweypfen.home.xs4all.nl/
